formula,activity,syngony,length,width,depth,surface,km_value,km_unit,vmax_value,vmax_unit,reaction_type,c_min,c_max,c_const,c_const_unit,ccat_value,ccat_unit,ph,temperature,pdf
MnO2,oxidase,'NOT_DETECTED',50,'NOT_DETECTED','NOT_DETECTED',naked,0.005,mM,0.155,'NOT_DETECTED',"2,6-DMP + O2",0.005,1.0,1.0,mM,0.1,mg/mL,3.8,25,5416963
Pt,peroxidase,'NOT_DETECTED',3.21,3.21,'NOT_DETECTED',polyethyleneimine,2.02,mM,115.0,10-8 Ms-1,TMB + H2O2,0.039,0.177,0.8,mM,2,μM,4,30,ACSOMEGA_0C00147
Pt,peroxidase,'NOT_DETECTED',3.21,3.21,'NOT_DETECTED',polyethyleneimine,43.6,mM,8.5,10-8 Ms-1,TMB + H2O2,0.018,0.357,0.3,M,6,μM,4,30,ACSOMEGA_0C00147
CeO2,peroxidase,cubic,'NOT_DETECTED','NOT_DETECTED','NOT_DETECTED','NOT_DETECTED',0.163,mM,1.331e-06,M s-1,TMB + H2O2,'NOT_DETECTED','NOT_DETECTED','NOT_DETECTED','NOT_DETECTED','NOT_DETECTED','NOT_DETECTED',5.0,25,ACSOMEGA_9B03252
CeO2,peroxidase,cubic,'NOT_DETECTED','NOT_DETECTED','NOT_DETECTED','NOT_DETECTED',198.34,mM,1.515e-06,M s-1,H2O2 + TMB,'NOT_DETECTED','NOT_DETECTED','NOT_DETECTED','NOT_DETECTED','NOT_DETECTED','NOT_DETECTED',5.0,25,ACSOMEGA_9B03252
CeO2,oxidase,cubic,'NOT_DETECTED','NOT_DETECTED','NOT_DETECTED','NOT_DETECTED','NOT_DETECTED','NOT_DETECTED','NOT_DETECTED','NOT_DETECTED',TMB,'NOT_DETECTED','NOT_DETECTED','NOT_DETECTED','NOT_DETECTED','NOT_DETECTED','NOT_DETECTED','NOT_DETECTED',25,ACSOMEGA_9B03252
CeO2,catalase,cubic,'NOT_DETECTED','NOT_DETECTED','NOT_DETECTED','NOT_DETECTED','NOT_DETECTED','NOT_DETECTED','NOT_DETECTED','NOT_DETECTED',H2O2,'NOT_DETECTED','NOT_DETECTED','NOT_DETECTED','NOT_DETECTED','NOT_DETECTED','NOT_DETECTED','NOT_DETECTED',25,ACSOMEGA_9B03252
Au-NPFe2O3NC,peroxidase,'NOT_DETECTED','NOT_DETECTED','NOT_DETECTED','NOT_DETECTED',gold loaded nanoporous ferric oxide nanocubes,'NOT_DETECTED','NOT_DETECTED','NOT_DETECTED','NOT_DETECTED',TMB + H2O2,10.0,1100.0,0.8,mM,5,µg,3.5,25,ACS_ANALCHEM_7B02880
Au-NPFe2O3NC,peroxidase,'NOT_DETECTED','NOT_DETECTED','NOT_DETECTED','NOT_DETECTED',gold loaded nanoporous ferric oxide nanocubes,0.02,M,'NOT_DETECTED','NOT_DETECTED',H2O2 + TMB,0.01,1.1,0.8,mM,5,µg,3.5,25,ACS_ANALCHEM_7B02880
Au-NPFe2O3NC,peroxidase,'NOT_DETECTED','NOT_DETECTED','NOT_DETECTED','NOT_DETECTED',gold loaded nanoporous ferric oxide nanocubes,'NOT_DETECTED','NOT_DETECTED','NOT_DETECTED','NOT_DETECTED',TMB + H2O2,0.01,1.0,700.0,mM,5,µg,3.5,25,ACS_ANALCHEM_7B02880
CeO2,oxidase,'NOT_DETECTED',4,'NOT_DETECTED','NOT_DETECTED',dextran,'NOT_DETECTED','NOT_DETECTED','NOT_DETECTED','NOT_DETECTED',TMB + AzBTS + DOPA,'NOT_DETECTED','NOT_DETECTED','NOT_DETECTED','NOT_DETECTED','NOT_DETECTED','NOT_DETECTED',4,'NOT_DETECTED',ANIE_200805279
CeO2,oxidase,'NOT_DETECTED',5,'NOT_DETECTED','NOT_DETECTED',poly(acrylic acid),3.8,mM,0.7,mM s-1,TMB,'NOT_DETECTED','NOT_DETECTED','NOT_DETECTED','NOT_DETECTED','NOT_DETECTED','NOT_DETECTED',4,'NOT_DETECTED',ANIE_200805279
CeO2,oxidase,'NOT_DETECTED',12,'NOT_DETECTED','NOT_DETECTED',poly(acrylic acid),1.9,mM,0.6,mM s-1,TMB,'NOT_DETECTED','NOT_DETECTED','NOT_DETECTED','NOT_DETECTED','NOT_DETECTED','NOT_DETECTED',4,'NOT_DETECTED',ANIE_200805279
CeO2,oxidase,'NOT_DETECTED',14,'NOT_DETECTED','NOT_DETECTED',dextran,1.8,mM,0.5,mM s-1,TMB,'NOT_DETECTED','NOT_DETECTED','NOT_DETECTED','NOT_DETECTED','NOT_DETECTED','NOT_DETECTED',4,'NOT_DETECTED',ANIE_200805279
CeO2,oxidase,'NOT_DETECTED',100,'NOT_DETECTED','NOT_DETECTED',dextran,0.8,mM,0.3,mM s-1,TMB,'NOT_DETECTED','NOT_DETECTED','NOT_DETECTED','NOT_DETECTED','NOT_DETECTED','NOT_DETECTED',4,'NOT_DETECTED',ANIE_200805279
CeO2,oxidase,'NOT_DETECTED',5,'NOT_DETECTED','NOT_DETECTED',poly(acrylic acid),3.8,mM,0.7,mM s-1,TMB,'NOT_DETECTED','NOT_DETECTED','NOT_DETECTED','NOT_DETECTED','NOT_DETECTED','NOT_DETECTED',5,'NOT_DETECTED',ANIE_200805279
CeO2,oxidase,'NOT_DETECTED',5,'NOT_DETECTED','NOT_DETECTED',poly(acrylic acid),6.9,mM,0.36,mM s-1,TMB,'NOT_DETECTED','NOT_DETECTED','NOT_DETECTED','NOT_DETECTED','NOT_DETECTED','NOT_DETECTED',6,'NOT_DETECTED',ANIE_200805279
CeO2,oxidase,'NOT_DETECTED',5,'NOT_DETECTED','NOT_DETECTED',poly(acrylic acid),2.4,mM,0.1,mM s-1,TMB,'NOT_DETECTED','NOT_DETECTED','NOT_DETECTED','NOT_DETECTED','NOT_DETECTED','NOT_DETECTED',7,'NOT_DETECTED',ANIE_200805279
CeO2,oxidase,'NOT_DETECTED',5,'NOT_DETECTED','NOT_DETECTED',poly(acrylic acid),1.3,mM,0.1,mM s-1,TMB,'NOT_DETECTED','NOT_DETECTED','NOT_DETECTED','NOT_DETECTED','NOT_DETECTED','NOT_DETECTED',7,'NOT_DETECTED',ANIE_200805279
CeO2,peroxidase,'NOT_DETECTED','NOT_DETECTED','NOT_DETECTED','NOT_DETECTED',poly(acrylic acid) conjugated with folic acid,'NOT_DETECTED','NOT_DETECTED','NOT_DETECTED','NOT_DETECTED',TMB + H2O2,0.04,0.04,'NOT_DETECTED','NOT_DETECTED',5.0,µM,'NOT_DETECTED','NOT_DETECTED',ANIE_200805279
Cu(OH)2,peroxidase,orthorhombic,150,'NOT_DETECTED','NOT_DETECTED','NOT_DETECTED',1.335,mM,42.1,10-8 M s-1,TMB + H2O2,0,0.9,0.53,mM,30,mg,4.5,25,C6TB01233G
Cu(OH)2,peroxidase,orthorhombic,250,'NOT_DETECTED','NOT_DETECTED','NOT_DETECTED',0.379,mM,39.1,10-8 M s-1,H2O2 + TMB,0,0.8,0.8,mM,30,mg,4.5,25,C6TB01233G
Ru,peroxidase,'NOT_DETECTED',20,30,'NOT_DETECTED',naked,0.234,mM,4.95,µM/min,TMB + H2O2,0.05,0.15,0.1,mM,10,mg/mL,7.4,25,C7RA10370K
Ru,oxidase,'NOT_DETECTED',20,30,'NOT_DETECTED',naked,54.92,µM,0.57,µM/min,TMB,0.05,0.5,50.0,mg/mL,50,mg/mL,7.4,25,C7RA10370K
Ru,peroxidase,'NOT_DETECTED',20,30,'NOT_DETECTED',naked,2.206,mM,34.96,µM/min,H2O2 + TMB,0.05,0.2,0.1,mM,10,mg/mL,7.4,25,C7RA10370K
Ru,peroxidase,'NOT_DETECTED',20,30,'NOT_DETECTED',naked,'NOT_DETECTED','NOT_DETECTED','NOT_DETECTED','NOT_DETECTED',OPD + H2O2,0.05,0.3,1.0,mM,75,mg/mL,7.4,25,C7RA10370K
Ru,peroxidase,'NOT_DETECTED',20,30,'NOT_DETECTED',naked,'NOT_DETECTED','NOT_DETECTED','NOT_DETECTED','NOT_DETECTED',H2O2 + OPD,1.0,6.0,0.2,mM,25,mg/mL,7.4,25,C7RA10370K
Ru,peroxidase,'NOT_DETECTED',20,30,'NOT_DETECTED',naked,'NOT_DETECTED','NOT_DETECTED','NOT_DETECTED','NOT_DETECTED',DA + H2O2,0.25,2.0,1.0,mM,25,mg/mL,7.4,25,C7RA10370K
Ru,peroxidase,'NOT_DETECTED',20,30,'NOT_DETECTED',naked,'NOT_DETECTED','NOT_DETECTED','NOT_DETECTED','NOT_DETECTED',H2O2 + DA,0.5,3.0,0.1,mM,25,mg/mL,7.4,25,C7RA10370K
Ru,oxidase,'NOT_DETECTED',20,30,'NOT_DETECTED',naked,0.155,mM,2.331,µM/min,NaA,25.0,200.0,50.0,mg/mL,50,mg/mL,7.4,25,C7RA10370K
Fe3O4,peroxidase,cubic,89.8,89.8,'NOT_DETECTED',naked,56.89,mM,59.6,10-8 M s-1,TMB + H2O2,0,0.8,0.8,mM,0.2,mg/mL,4.5,25,C8RA05487H
Co@Fe3O4,peroxidase,cubic,94.6,94.6,'NOT_DETECTED',naked,0.19,mM,71.5,10-8 M s-1,TMB + H2O2,0,0.8,0.8,mM,0.2,mg/mL,4.5,25,C8RA05487H
Fe2O3,peroxidase,cubic,50,50,'NOT_DETECTED',naked,0.6,M,0.000375,M/s,H2O2 + TMB,'NOT_DETECTED',0.6,'NOT_DETECTED','NOT_DETECTED','NOT_DETECTED','NOT_DETECTED','NOT_DETECTED','NOT_DETECTED',C8TB01132J
Fe2O3,peroxidase,cubic,50,50,'NOT_DETECTED',naked,'NOT_DETECTED','NOT_DETECTED',0.0006,M/s,TMB + H2O2,'NOT_DETECTED','NOT_DETECTED','NOT_DETECTED','NOT_DETECTED','NOT_DETECTED','NOT_DETECTED','NOT_DETECTED','NOT_DETECTED',C8TB01132J
Mn3O4,oxidase,tetragonal,800,'NOT_DETECTED','NOT_DETECTED',naked,0.02715,mM,126.7,nM s-1,TMB,0,0.416,5.0,mg mL-1,5.0,mg/mL,4.0,37,C9RA01227C
Mn3O4,oxidase,tetragonal,10,10,'NOT_DETECTED',naked,0.02715,mM,126.7,nM s-1,TMB,0,0.416,5.0,mg mL-1,5.0,mg/mL,4.0,37,C9RA01227C
Mn3O4,oxidase,tetragonal,800,'NOT_DETECTED','NOT_DETECTED',naked,'NOT_DETECTED','NOT_DETECTED','NOT_DETECTED','NOT_DETECTED',TMB + GSH,5,60.0,0.416,mM,10.0,mg mL-1,4.5,25,C9RA01227C
Pd-Ir,peroxidase,cubic,3.3,'NOT_DETECTED','NOT_DETECTED',poly(N-Vinylpyrrolidone),'NOT_DETECTED','NOT_DETECTED','NOT_DETECTED','NOT_DETECTED',TMB + H2O2,'NOT_DETECTED','NOT_DETECTED','NOT_DETECTED','NOT_DETECTED','NOT_DETECTED','NOT_DETECTED','NOT_DETECTED','NOT_DETECTED',CBIC_202000147
Pd-Ir,peroxidase,cubic,5.9,'NOT_DETECTED','NOT_DETECTED',poly(N-Vinylpyrrolidone),'NOT_DETECTED','NOT_DETECTED','NOT_DETECTED','NOT_DETECTED',TMB + H2O2,'NOT_DETECTED','NOT_DETECTED','NOT_DETECTED','NOT_DETECTED','NOT_DETECTED','NOT_DETECTED','NOT_DETECTED','NOT_DETECTED',CBIC_202000147
Pd-Ir,peroxidase,cubic,9.8,'NOT_DETECTED','NOT_DETECTED',poly(N-Vinylpyrrolidone),'NOT_DETECTED','NOT_DETECTED','NOT_DETECTED','NOT_DETECTED',TMB + H2O2,'NOT_DETECTED','NOT_DETECTED','NOT_DETECTED','NOT_DETECTED','NOT_DETECTED','NOT_DETECTED','NOT_DETECTED','NOT_DETECTED',CBIC_202000147
Pd-Ir,peroxidase,cubic,13.0,'NOT_DETECTED','NOT_DETECTED',poly(N-Vinylpyrrolidone),'NOT_DETECTED','NOT_DETECTED','NOT_DETECTED','NOT_DETECTED',TMB + H2O2,'NOT_DETECTED','NOT_DETECTED','NOT_DETECTED','NOT_DETECTED','NOT_DETECTED','NOT_DETECTED','NOT_DETECTED','NOT_DETECTED',CBIC_202000147
Pd@Pt,peroxidase,'NOT_DETECTED',27,27,'NOT_DETECTED',HS-PEG-COOH and streptavidin,0.000663,mM,2.21e-07,M s-1,TMB + H2O2,0.02,0.8,7.0,M,2.44e-14,M,4.0,22,CHEMOSENSORS10090359
Pd@Pt,peroxidase,'NOT_DETECTED',27,27,'NOT_DETECTED',HS-PEG-COOH and streptavidin,3.82,M,1.86e-07,M s-1,TMB + H2O2,0.2,7.0,0.8,mM,2.44e-14,M,4.0,22,CHEMOSENSORS10090359
Fe3O4,peroxidase,cubic,310,135,'NOT_DETECTED',dextran-coated,0.5,mM,11.6,10-8 M/s,TMB + H2O2,'NOT_DETECTED','NOT_DETECTED','NOT_DETECTED','NOT_DETECTED',2,µg/mL,4,25,CM8031863
Fe3O4,peroxidase,cubic,'NOT_DETECTED','NOT_DETECTED','NOT_DETECTED',dextran-coated,1.3,mM,9.8,10-8 M/s,TMB + H2O2,'NOT_DETECTED','NOT_DETECTED','NOT_DETECTED','NOT_DETECTED','NOT_DETECTED','NOT_DETECTED','NOT_DETECTED','NOT_DETECTED',CM8031863
Ir,peroxidase,'NOT_DETECTED',2.4,'NOT_DETECTED','NOT_DETECTED',ascorbic acid protected,'NOT_DETECTED','NOT_DETECTED','NOT_DETECTED','NOT_DETECTED',TMB + H2O2,'NOT_DETECTED','NOT_DETECTED','NOT_DETECTED','NOT_DETECTED','NOT_DETECTED','NOT_DETECTED',4.0,20,D0RA05342B
Ir,catalase,'NOT_DETECTED',2.4,'NOT_DETECTED','NOT_DETECTED',ascorbic acid protected,'NOT_DETECTED','NOT_DETECTED','NOT_DETECTED','NOT_DETECTED',H2O2,20,'NOT_DETECTED',0.1,M,'NOT_DETECTED','NOT_DETECTED',9.0,'NOT_DETECTED',D0RA05342B
Ir,peroxidase,'NOT_DETECTED',2.4,'NOT_DETECTED','NOT_DETECTED',ascorbic acid protected,'NOT_DETECTED','NOT_DETECTED','NOT_DETECTED','NOT_DETECTED',TMB + H2O2,0.0002,100,'NOT_DETECTED','NOT_DETECTED','NOT_DETECTED','NOT_DETECTED',4.0,20,D0RA05342B
a-Fe2O3@CoNi,peroxidase,trigonal,700,700,'NOT_DETECTED',EDTA,0.23,mM,1.35e-07,M s-1,TMB + H2O2,0.25,2.5,130.0,mM,3,mg/mL,6,20,D1RA03456A
a-Fe2O3@CoNi,peroxidase,trigonal,700,700,'NOT_DETECTED',EDTA,0.42,mM,9.3e-08,M s-1,TMB + H2O2,6.0,165.0,0.35,mM,3,mg/mL,6,20,D1RA03456A
Ni-Pt,peroxidase,cubic,13.9,'NOT_DETECTED','NOT_DETECTED',Pt-rich shell with Ni-rich core,'NOT_DETECTED','NOT_DETECTED','NOT_DETECTED','NOT_DETECTED',TMB + H2O2,0.01,0.6,'NOT_DETECTED','NOT_DETECTED','NOT_DETECTED','NOT_DETECTED','NOT_DETECTED',25,JACS_0C12605
Ni-Pt0.5,peroxidase,cubic,14.9,'NOT_DETECTED','NOT_DETECTED',Pt-rich shell with higher Ni on surface,'NOT_DETECTED','NOT_DETECTED','NOT_DETECTED','NOT_DETECTED',TMB + H2O2,0.01,0.6,'NOT_DETECTED','NOT_DETECTED','NOT_DETECTED','NOT_DETECTED','NOT_DETECTED',25,JACS_0C12605
Ni-Pt2,peroxidase,cubic,12.7,'NOT_DETECTED','NOT_DETECTED',Pt-rich shell with lower Ni on surface,'NOT_DETECTED','NOT_DETECTED','NOT_DETECTED','NOT_DETECTED',TMB + H2O2,0.01,0.6,'NOT_DETECTED','NOT_DETECTED','NOT_DETECTED','NOT_DETECTED','NOT_DETECTED',25,JACS_0C12605
Pt,peroxidase,cubic,14.6,'NOT_DETECTED','NOT_DETECTED',naked,'NOT_DETECTED','NOT_DETECTED','NOT_DETECTED','NOT_DETECTED',TMB + H2O2,0.01,0.6,'NOT_DETECTED','NOT_DETECTED','NOT_DETECTED','NOT_DETECTED','NOT_DETECTED',25,JACS_0C12605
Cu(OH)2,peroxidase,orthorhombic,200,'NOT_DETECTED',30,poly(N-vinylpyrrolidone),2.448,mM,4.483e-07,M s-1,TMB + H2O2,0,0.9,0.53,mM,30,µg in 0.5 mL,4.5,25,JACS_5B09337
Cu(OH)2,peroxidase,orthorhombic,200,'NOT_DETECTED',30,poly(N-vinylpyrrolidone),0.199,mM,4.251e-07,M s-1,H2O2 + TMB,0,0.8,0.8,mM,30,µg in 0.5 mL,4.5,25,JACS_5B09337
CeO2,oxidase,'NOT_DETECTED',18.9,18.9,'NOT_DETECTED',naked,0.25,mM,'NOT_DETECTED','NOT_DETECTED',dopamine,0.4,850,0.8,mM,1000.0,mg/L,8.0,'NOT_DETECTED',J_ACA_2015_04_052
CeO2,oxidase,'NOT_DETECTED',18.9,18.9,'NOT_DETECTED',naked,180.0,mM,'NOT_DETECTED','NOT_DETECTED',catechol,0.4,850,0.35,mM,1000.0,mg/L,8.0,'NOT_DETECTED',J_ACA_2015_04_052
Tyrosinase,oxidase,'NOT_DETECTED','NOT_DETECTED','NOT_DETECTED','NOT_DETECTED',enzyme,0.3,mM,'NOT_DETECTED','NOT_DETECTED',dopamine,0.075,2,1.4,mM,0.625,mU/mL,6.5,'NOT_DETECTED',J_ACA_2015_04_052
Tyrosinase,oxidase,'NOT_DETECTED','NOT_DETECTED','NOT_DETECTED','NOT_DETECTED',enzyme,200.0,mM,'NOT_DETECTED','NOT_DETECTED',catechol,0.075,2,0.75,mM,0.625,mU/mL,6.5,'NOT_DETECTED',J_ACA_2015_04_052
MoO3,oxidase,orthorhombic,2,2,'NOT_DETECTED',acetic acid adsorbed,1.6769,mM,'NOT_DETECTED','NOT_DETECTED',ABTS,'NOT_DETECTED','NOT_DETECTED','NOT_DETECTED','NOT_DETECTED',0.05,g/L,2.5,70,J_ACA_2020_01_035
MoO3,oxidase,orthorhombic,2,2,'NOT_DETECTED',acetic acid adsorbed,1.6769,mM,'NOT_DETECTED','NOT_DETECTED',ABTS,'NOT_DETECTED','NOT_DETECTED',8,mM,0.05,g/L,5.0,37,J_ACA_2020_01_035
5%CoO/CeO2,peroxidase,cubic,14,14,'NOT_DETECTED',poly(ethylene oxide),1.81,mM,'NOT_DETECTED','NOT_DETECTED',TMB + H2O2,0.3,3.0,0.1,mM,0.25,mg,3.6,25,J_APMT_2019_03_009
5%CoO/CeO2,peroxidase,cubic,14,14,'NOT_DETECTED',poly(ethylene oxide),0.021,mM,'NOT_DETECTED','NOT_DETECTED',H2O2 + TMB,0.01,0.13,3.0,mM,0.25,mg,3.6,25,J_APMT_2019_03_009
Fe3O4,peroxidase,'NOT_DETECTED',35.0,35.0,'NOT_DETECTED',naked,'NOT_DETECTED','NOT_DETECTED','NOT_DETECTED','NOT_DETECTED',TMB + H2O2,'NOT_DETECTED','NOT_DETECTED',530,µM,0.35,mg Fe/mL,'NOT_DETECTED',25,J_BIOMATERIALS_2009_05_005
Fe3O4,peroxidase,'NOT_DETECTED',35.0,35.0,'NOT_DETECTED',naked,'NOT_DETECTED','NOT_DETECTED','NOT_DETECTED','NOT_DETECTED',ABTS + H2O2,'NOT_DETECTED','NOT_DETECTED',530,µM,0.35,mg Fe/mL,'NOT_DETECTED',25,J_BIOMATERIALS_2009_05_005
Fe3O4,peroxidase,'NOT_DETECTED',34.4,34.4,'NOT_DETECTED',poly(ethylene oxide) (citrate),0.24,mmol/L,1.7,10^-7 M/s,TMB + H2O2,'NOT_DETECTED',3,530,µM,0.35,mg Fe/mL,4.0,25,J_BIOMATERIALS_2009_05_005
Fe3O4,peroxidase,'NOT_DETECTED',42.1,42.1,'NOT_DETECTED',carboxymethyl dextran,0.3,mmol/L,1.25,10^-7 M/s,TMB + H2O2,'NOT_DETECTED',3,530,µM,0.35,mg Fe/mL,4.0,25,J_BIOMATERIALS_2009_05_005
Fe3O4,peroxidase,'NOT_DETECTED',40.6,40.6,'NOT_DETECTED',heparin,0.22,mmol/L,2.4,10^-7 M/s,TMB + H2O2,'NOT_DETECTED',3,530,µM,0.35,mg Fe/mL,4.0,25,J_BIOMATERIALS_2009_05_005
Fe3O4,peroxidase,'NOT_DETECTED',40.1,40.1,'NOT_DETECTED',glycine,0.55,mmol/L,0.96,10^-7 M/s,TMB + H2O2,'NOT_DETECTED',3,530,µM,0.35,mg Fe/mL,4.0,25,J_BIOMATERIALS_2009_05_005
Fe3O4,peroxidase,'NOT_DETECTED',46.2,46.2,'NOT_DETECTED',polylysine,0.69,mmol/L,0.46,10^-7 M/s,TMB + H2O2,'NOT_DETECTED',3,530,µM,0.35,mg Fe/mL,4.0,25,J_BIOMATERIALS_2009_05_005
Fe3O4,peroxidase,'NOT_DETECTED',43.7,43.7,'NOT_DETECTED',poly(ethyleneimine),0.71,mmol/L,0.42,10^-7 M/s,TMB + H2O2,'NOT_DETECTED',3,530,µM,0.35,mg Fe/mL,4.0,25,J_BIOMATERIALS_2009_05_005
Fe3O4,peroxidase,'NOT_DETECTED',34.4,34.4,'NOT_DETECTED',poly(ethylene oxide) (citrate),0.73,mmol/L,1.45,10^-7 M/s,ABTS + H2O2,'NOT_DETECTED',2.5,530,µM,0.35,mg Fe/mL,4.0,25,J_BIOMATERIALS_2009_05_005
Fe3O4,peroxidase,'NOT_DETECTED',42.1,42.1,'NOT_DETECTED',carboxymethyl dextran,0.81,mmol/L,1.15,10^-7 M/s,ABTS + H2O2,'NOT_DETECTED',2.5,530,µM,0.35,mg Fe/mL,4.0,25,J_BIOMATERIALS_2009_05_005
Fe3O4,peroxidase,'NOT_DETECTED',40.6,40.6,'NOT_DETECTED',heparin,0.96,mmol/L,0.52,10^-7 M/s,ABTS + H2O2,'NOT_DETECTED',2.5,530,µM,0.35,mg Fe/mL,4.0,25,J_BIOMATERIALS_2009_05_005
Fe3O4,peroxidase,'NOT_DETECTED',40.1,40.1,'NOT_DETECTED',glycine,0.2,mmol/L,2.97,10^-7 M/s,ABTS + H2O2,'NOT_DETECTED',2.5,530,µM,0.35,mg Fe/mL,4.0,25,J_BIOMATERIALS_2009_05_005
Fe3O4,peroxidase,'NOT_DETECTED',46.2,46.2,'NOT_DETECTED',polylysine,0.19,mmol/L,4.5,10^-7 M/s,ABTS + H2O2,'NOT_DETECTED',2.5,530,µM,0.35,mg Fe/mL,4.0,25,J_BIOMATERIALS_2009_05_005
Fe3O4,peroxidase,'NOT_DETECTED',43.7,43.7,'NOT_DETECTED',poly(ethyleneimine),0.12,mmol/L,6.1,10^-7 M/s,ABTS + H2O2,'NOT_DETECTED',2.5,530,µM,0.35,mg Fe/mL,4.0,25,J_BIOMATERIALS_2009_05_005
Fe3O4,peroxidase,'NOT_DETECTED',40.1,40.1,'NOT_DETECTED',glycine,0.0085,mM,'NOT_DETECTED','NOT_DETECTED',ABTS + H2O2,0.0,31.2,4,mM,0.13,mg Fe/mL,4.0,45,J_BIOMATERIALS_2009_05_005
Fe3O4,peroxidase,'NOT_DETECTED',40.6,40.6,'NOT_DETECTED',heparin,0.0158,mM,'NOT_DETECTED','NOT_DETECTED',ABTS + H2O2,0.0,31.2,4,mM,0.13,mg Fe/mL,4.0,45,J_BIOMATERIALS_2009_05_005
WC,peroxidase,hexagonal,150,40,'NOT_DETECTED',naked,0.274,mM,6.81,10-8 M s-1,TMB + H2O2,0.0,0.8,400,mM,0.02,mg/mL,4.0,30,J_BIOS_2013_11_040
WC,peroxidase,hexagonal,150,40,'NOT_DETECTED',naked,119.6,mM,7.16,10-8 M s-1,H2O2 + TMB,0,600,0.6,mM,0.02,mg/mL,4.0,30,J_BIOS_2013_11_040
WC,peroxidase,hexagonal,150,40,'NOT_DETECTED',naked,'NOT_DETECTED','NOT_DETECTED','NOT_DETECTED','NOT_DETECTED',TMB + H2O2,0.6,0.6,400,mM,0.02,mg/mL,4.0,25,J_BIOS_2013_11_040
WC,peroxidase,hexagonal,150,40,'NOT_DETECTED',naked,'NOT_DETECTED','NOT_DETECTED','NOT_DETECTED','NOT_DETECTED',TMB + H2O2,0.6,0.6,400,mM,0.02,mg/mL,4.0,30,J_BIOS_2013_11_040
WC,peroxidase,hexagonal,150,40,'NOT_DETECTED',naked,'NOT_DETECTED','NOT_DETECTED','NOT_DETECTED','NOT_DETECTED',TMB + H2O2,0.6,0.6,400,mM,20.0,μg/mL,4.0,30,J_BIOS_2013_11_040
WC,peroxidase,hexagonal,150,40,'NOT_DETECTED',naked,'NOT_DETECTED','NOT_DETECTED','NOT_DETECTED','NOT_DETECTED',TMB + H2O2,'NOT_DETECTED','NOT_DETECTED','NOT_DETECTED','NOT_DETECTED',0.02,mg/mL,4.0,30,J_BIOS_2013_11_040
WC,peroxidase,hexagonal,150,40,'NOT_DETECTED',naked,'NOT_DETECTED','NOT_DETECTED','NOT_DETECTED','NOT_DETECTED',TMB + H2O2,0.6,0.6,400,mM,0.02,mg/mL,4.0,'NOT_DETECTED',J_BIOS_2013_11_040
WC,peroxidase,hexagonal,150,40,'NOT_DETECTED',naked,'NOT_DETECTED','NOT_DETECTED','NOT_DETECTED','NOT_DETECTED',TMB + H2O2,0.6,0.6,400,mM,0.02,mg/mL,4.0,'NOT_DETECTED',J_BIOS_2013_11_040
Au/CeO2,peroxidase,cubic,75,'NOT_DETECTED','NOT_DETECTED',CTAB,0.29,mM,3.9e-05,mM s-1,TMB + H2O2,0.05,5,2,mM,40,µg/mL,4.0,37,J_JCIS_2017_11_064
Au/CeO2,peroxidase,cubic,75,'NOT_DETECTED','NOT_DETECTED',CTAB,44.69,mM,2.23e-05,mM s-1,H2O2 + TMB,0.06,3000,1,mM,40,µg/mL,4.0,37,J_JCIS_2017_11_064
Au/CeO2,SOD,cubic,75,'NOT_DETECTED','NOT_DETECTED',CTAB,'NOT_DETECTED','NOT_DETECTED','NOT_DETECTED','NOT_DETECTED',superoxide radical dismutation,30.0,300,'NOT_DETECTED','NOT_DETECTED','NOT_DETECTED','NOT_DETECTED',7.5,25,J_JCIS_2017_11_064
Au/CeO2,catalase,cubic,75,'NOT_DETECTED','NOT_DETECTED',CTAB,'NOT_DETECTED','NOT_DETECTED','NOT_DETECTED','NOT_DETECTED',2H2O2,5.0,'NOT_DETECTED','NOT_DETECTED','NOT_DETECTED','NOT_DETECTED','NOT_DETECTED',7.0,'NOT_DETECTED',J_JCIS_2017_11_064
Au/CeO2,peroxidase,cubic,75,'NOT_DETECTED','NOT_DETECTED',CTAB,'NOT_DETECTED','NOT_DETECTED','NOT_DETECTED','NOT_DETECTED',TMB + H2O2,0.1,1,'NOT_DETECTED','NOT_DETECTED',40,µg/mL,4.0,37,J_JCIS_2017_11_064
MoO3x,catalase,monoclinic,3,3,3,SH-PEG polymer,6.72,mM,196000.0,M s-1,H2O2,0,30,20,mM,20,µg/mL,9,25,J_JCIS_2018_12_093
MoO3x,catalase,monoclinic,3,3,3,SH-PEG polymer,6.72,mM,196000.0,M s-1,H2O2,0,30,20,mM,10,µg/mL,9,25,J_JCIS_2018_12_093
MoO3x,superoxide dismutase,monoclinic,3,3,3,SH-PEG polymer,'NOT_DETECTED','NOT_DETECTED','NOT_DETECTED','NOT_DETECTED',superoxide anion + WST-1,0,50,'NOT_DETECTED','NOT_DETECTED',50,µg/mL,'NOT_DETECTED','NOT_DETECTED',J_JCIS_2018_12_093
Au@Pt3.15,peroxidase,cubic,25,'NOT_DETECTED','NOT_DETECTED',naked,0.398,mM,1.62,μM·s^-1,TMB + H2O2,0.05,10,0.05,mM,0.654,μM,4,60,J_JCIS_2021_06_170
Au@Pt3.15,oxidase,cubic,25,'NOT_DETECTED','NOT_DETECTED',naked,'NOT_DETECTED','NOT_DETECTED','NOT_DETECTED','NOT_DETECTED',TMB,10.0,100,'NOT_DETECTED','NOT_DETECTED',0.853,mg/mL,4,60,J_JCIS_2021_06_170
Bi2Fe4O9,peroxidase,orthorhombic,'NOT_DETECTED','NOT_DETECTED','NOT_DETECTED',naked,0.07,mM,2.17,10-8 M s-1,TMB + H2O2,0.01,0.3,5.0,mM,8,mg/mL,3.5,45,J_JCIS_2022_01_041
Bi2Fe4O9,peroxidase,orthorhombic,'NOT_DETECTED','NOT_DETECTED','NOT_DETECTED',naked,0.73,mM,1.56,10-8 M s-1,H2O2 + TMB,0.1,5.0,0.3,mM,8,mg/mL,3.5,45,J_JCIS_2022_01_041
FeMnzyme,oxidase,amorphous core with α-FeOOH nanorod shell,125,'NOT_DETECTED','NOT_DETECTED','NOT_DETECTED',0.2,mmol L-1,1.025e-07,mol L-1 s-1,TMB,0,1,0.2,mol L-1,125,μg mL-1,3.0,25,J_LWT_2021_112821
Pd-Pt,peroxidase,cubic,42.3,42.3,'NOT_DETECTED',polyvinylpyrrolidone,0.00045,mM,3.2e-07,M/s,TMB + H2O2,0,0.6,2.0,M,3.4e-14,M,4.0,25,J_SINTL_2020_100031
Pd-Pt,peroxidase,cubic,42.3,42.3,'NOT_DETECTED',polyvinylpyrrolidone,0.35,mM,2.6e-07,M/s,TMB + H2O2,0,0.6,0.8,mM,3.4e-14,M,4.0,25,J_SINTL_2020_100031
Pd-Pt,peroxidase,cubic,20.3,20.3,'NOT_DETECTED',polyvinylpyrrolidone,0.00039,mM,4.2e-07,M/s,TMB + H2O2,0,0.6,2.0,M,1.3e-12,M,4.0,25,J_SINTL_2020_100031
Pd-Pt,peroxidase,cubic,20.3,20.3,'NOT_DETECTED',polyvinylpyrrolidone,0.77,mM,5.8e-07,M/s,TMB + H2O2,0,0.6,0.8,mM,1.3e-12,M,4.0,25,J_SINTL_2020_100031
Pd-Pt,peroxidase,cubic,9.0,9.0,'NOT_DETECTED',polyvinylpyrrolidone,0.00048,mM,7.1e-07,M/s,TMB + H2O2,0,0.6,2.0,M,1.3e-12,M,4.0,25,J_SINTL_2020_100031
Pd-Pt,peroxidase,cubic,9.0,9.0,'NOT_DETECTED',polyvinylpyrrolidone,0.39,mM,4.2e-07,M/s,TMB + H2O2,0,0.6,0.8,mM,1.3e-12,M,4.0,25,J_SINTL_2020_100031
FeVO4,peroxidase,orthorhombic,2000,100,'NOT_DETECTED',naked,0.0732,mM,2.72e-08,M/s,TMB + H2O2,0,4.0,0.8,mM,100,μg/mL,4.0,25,J_SNB_2016_04_041
FeVO4,peroxidase,triclinic,3000,100,'NOT_DETECTED',naked,'NOT_DETECTED','NOT_DETECTED','NOT_DETECTED','NOT_DETECTED',TMB + H2O2,'NOT_DETECTED','NOT_DETECTED','NOT_DETECTED','NOT_DETECTED','NOT_DETECTED','NOT_DETECTED',1.0,'NOT_DETECTED',J_SNB_2016_04_041
FeVO4,peroxidase,amorphous,'NOT_DETECTED','NOT_DETECTED','NOT_DETECTED',naked,'NOT_DETECTED','NOT_DETECTED','NOT_DETECTED','NOT_DETECTED',TMB + H2O2,'NOT_DETECTED','NOT_DETECTED','NOT_DETECTED','NOT_DETECTED','NOT_DETECTED','NOT_DETECTED',10.0,'NOT_DETECTED',J_SNB_2016_04_041
Fe3O4,peroxidase,cubic,10,10,'NOT_DETECTED',naked,1.22,mmol/L,4.39,µmol/s,ABTS + H2O2,0.2,1.2,10,mM,40,µg/mL,3.5,25,NANO10020313
Fe3O4,peroxidase,cubic,10,10,'NOT_DETECTED',poly(diethylene glycol),1.22,mmol/L,4.39,µmol/s,ABTS + H2O2,0.2,1.2,10,mM,40,µg/mL,3.5,25,NANO10020313
Fe3O4,peroxidase,cubic,10,10,'NOT_DETECTED',xerogel matrix,'NOT_DETECTED','NOT_DETECTED','NOT_DETECTED','NOT_DETECTED',ABTS + H2O2,'NOT_DETECTED','NOT_DETECTED','NOT_DETECTED','NOT_DETECTED','NOT_DETECTED','NOT_DETECTED','NOT_DETECTED','NOT_DETECTED',NANO10020313
Pt,oxidase,'NOT_DETECTED',30,30,'NOT_DETECTED',polyvinylpyrrolidone,0.102,mM,330,nM/s,TMB,0,1,0.75,mg/mL,0.75,mg/mL,4,35,NANO10061015
Pt,oxidase,'NOT_DETECTED',5,5,'NOT_DETECTED',polyvinylpyrrolidone,'NOT_DETECTED','NOT_DETECTED','NOT_DETECTED','NOT_DETECTED',TMB,'NOT_DETECTED','NOT_DETECTED',0.75,mg/mL,0.75,mg/mL,4,35,NANO10061015
Pt,oxidase,'NOT_DETECTED',9,9,'NOT_DETECTED',polyvinylpyrrolidone,slightly larger than 0.102,mM,'NOT_DETECTED','NOT_DETECTED',TMB,'NOT_DETECTED','NOT_DETECTED',0.75,mg/mL,0.75,mg/mL,4,35,NANO10061015
Pt,oxidase,'NOT_DETECTED',16,16,'NOT_DETECTED',polyvinylpyrrolidone,close to 0.102,mM,'NOT_DETECTED','NOT_DETECTED',TMB,'NOT_DETECTED','NOT_DETECTED',0.75,mg/mL,0.75,mg/mL,4,35,NANO10061015
Pt,oxidase,'NOT_DETECTED',30,30,'NOT_DETECTED',polyvinylpyrrolidone,slightly smaller than 0.102,mM,330,nM/s,TMB,0,1,0.75,mg/mL,0.75,mg/mL,4,35,NANO10061015
Au@Pt,oxidase,cubic,48.1,48.1,'NOT_DETECTED',naked,0.192,mM,8.16e-05,mM·s-1,TMB,'NOT_DETECTED','NOT_DETECTED','NOT_DETECTED','NOT_DETECTED',0.01,mg/mL,6.0,25,NANO12050755
Au@Pt,oxidase,cubic,48.1,48.1,'NOT_DETECTED',naked,0.268,mM,1.53e-05,mM·s-1,OPD,'NOT_DETECTED','NOT_DETECTED','NOT_DETECTED','NOT_DETECTED',0.01,mg/mL,6.0,25,NANO12050755
Au@Pt,oxidase,cubic,48.1,48.1,'NOT_DETECTED',naked,0.192,mM,8.16e-05,mM·s-1,TMB + GSH,0.1,1.0,0.05,mM,4.0,mg/mL,4.0,30,NANO12050755
Fe3O4@LNPs,peroxidase,'NOT_DETECTED',152.8,'NOT_DETECTED','NOT_DETECTED',lignin,0.51,mM,1.03,10^-8 M s^-1,TMB + H2O2,0.4,6.0,100,mM,264,µg/mL,3.0,50,NANO9020210
Fe3O4@LNPs,peroxidase,'NOT_DETECTED',152.8,'NOT_DETECTED','NOT_DETECTED',lignin,5.3,mM,0.96,10^-8 M s^-1,TMB + H2O2,10,250,4.0,mM,264,µg/mL,3.0,50,NANO9020210
Fe3O4 NPs,peroxidase,'NOT_DETECTED',20.0,30,'NOT_DETECTED',naked,0.01,mM,3.44,10^-8 M s^-1,TMB + H2O2,'NOT_DETECTED','NOT_DETECTED','NOT_DETECTED','NOT_DETECTED','NOT_DETECTED','NOT_DETECTED','NOT_DETECTED','NOT_DETECTED',NANO9020210
Fe3O4 NPs,peroxidase,'NOT_DETECTED',20.0,30,'NOT_DETECTED',naked,154.0,mM,9.78,10^-8 M s^-1,TMB + H2O2,'NOT_DETECTED','NOT_DETECTED','NOT_DETECTED','NOT_DETECTED','NOT_DETECTED','NOT_DETECTED','NOT_DETECTED','NOT_DETECTED',NANO9020210
Tb4O7,oxidase,'NOT_DETECTED',200,200,'NOT_DETECTED',naked,0.000124,M,4.31e-08,M/s,TMB,'NOT_DETECTED','NOT_DETECTED','NOT_DETECTED','NOT_DETECTED',7.04e-10,M,3.6,25,S129510190487X
Tb4O7,oxidase,'NOT_DETECTED',200,200,'NOT_DETECTED',naked,'NOT_DETECTED','NOT_DETECTED','NOT_DETECTED','NOT_DETECTED',ABTS,'NOT_DETECTED','NOT_DETECTED','NOT_DETECTED','NOT_DETECTED','NOT_DETECTED','NOT_DETECTED',3.6,25,S129510190487X
Tb4O7,oxidase,'NOT_DETECTED',200,200,'NOT_DETECTED',naked,'NOT_DETECTED','NOT_DETECTED','NOT_DETECTED','NOT_DETECTED',OPD,'NOT_DETECTED','NOT_DETECTED','NOT_DETECTED','NOT_DETECTED','NOT_DETECTED','NOT_DETECTED',3.6,25,S129510190487X
Au,peroxidase,'NOT_DETECTED',8.1,8.1,'NOT_DETECTED',poly(ethylene glycol),0.155,mM,8.32e-08,M s-1,TMB + H2O2,0.05,2.0,1.0,M,55,µg,4,37,S1320501710821
Au,peroxidase,'NOT_DETECTED',8.1,8.1,'NOT_DETECTED',poly(ethylene glycol),191,mM,6.38e-08,M s-1,H2O2 + TMB,0.05,2.0,0.5,mM,35,µg,4,37,S1320501710821
Au,peroxidase,'NOT_DETECTED',8.1,8.1,'NOT_DETECTED',poly(ethylene glycol),0.197,mM,1.47e-07,M s-1,TMB + H2O2,0.05,2.0,1.0,M,55,µg,4,37,S1320501710821
Au,peroxidase,'NOT_DETECTED',8.1,8.1,'NOT_DETECTED',poly(ethylene glycol),175,mM,8.76e-08,M s-1,H2O2 + TMB,0.05,2.0,0.5,mM,35,µg,4,37,S1320501710821
Au,peroxidase,'NOT_DETECTED',15.3,15.3,'NOT_DETECTED',citrate,0.134,mM,9.65e-08,M s-1,TMB + H2O2,0.05,2.0,1.0,M,55,µg,4,37,S1320501710821
Au,peroxidase,'NOT_DETECTED',15.3,15.3,'NOT_DETECTED',citrate,213,mM,1.06e-07,M s-1,H2O2 + TMB,0.05,2.0,0.5,mM,35,µg,4,37,S1320501710821
Au,peroxidase,'NOT_DETECTED',15.3,15.3,'NOT_DETECTED',citrate + ATP,0.168,mM,1.31e-07,M s-1,TMB + H2O2,0.05,2.0,1.0,M,55,µg,4,37,S1320501710821
Au,peroxidase,'NOT_DETECTED',15.3,15.3,'NOT_DETECTED',citrate + ATP,196,mM,9.83e-08,M s-1,H2O2 + TMB,0.05,2.0,0.5,mM,35,µg,4,37,S1320501710821
Au,peroxidase,'NOT_DETECTED',7.2,7.2,'NOT_DETECTED',CTAB,'NOT_DETECTED','NOT_DETECTED','NOT_DETECTED','NOT_DETECTED',TMB + H2O2,5.0,100.0,1.0,M,'NOT_DETECTED','NOT_DETECTED',4,37,S1320501710821
V2O5,peroxidase,orthorhombic,500,'NOT_DETECTED','NOT_DETECTED',naked,0.738,mM,1.85e-05,M·s-1,TMB + H2O2,0,10,0.232,mM,1,mM,4.0,25,S16040584
V2O5,peroxidase,orthorhombic,500,'NOT_DETECTED','NOT_DETECTED',naked,0.232,mM,1.29e-05,M·s-1,H2O2 + TMB,0,10,0.738,mM,1,mM,4.0,25,S16040584
V2O5,peroxidase,orthorhombic,500,'NOT_DETECTED','NOT_DETECTED',naked,'NOT_DETECTED','NOT_DETECTED','NOT_DETECTED','NOT_DETECTED',TMB + H2O2,1,500,1.5,mM,1,mM,4.0,25,S16040584
V2O5,peroxidase,orthorhombic,500,'NOT_DETECTED','NOT_DETECTED',naked,'NOT_DETECTED','NOT_DETECTED','NOT_DETECTED','NOT_DETECTED',OPD + H2O2,1,200,1.5,mM,1,mM,4.0,25,S16040584
V2O5,peroxidase,orthorhombic,500,'NOT_DETECTED','NOT_DETECTED',naked,'NOT_DETECTED','NOT_DETECTED','NOT_DETECTED','NOT_DETECTED',TMB + H2O2 + Glucose (via GOx),10,2000,1.5,mM,1,mM,4.0,25,S16040584
CeO2,peroxidase,cubic,13,13,'NOT_DETECTED',naked,0.217,mM,8.2e-08,M/s,TMB + H2O2,0,3,1.0,mM,0.025,mg/mL,4.0,25,SREP35344
CeO2,peroxidase,cubic,13,13,'NOT_DETECTED',naked,153.6,mM,1.22e-07,M/s,TMB + H2O2,0,2000,0.5,mM,0.025,mg/mL,4.0,25,SREP35344
CeO2,peroxidase,cubic,10,10,'NOT_DETECTED',naked,0.24,mM,4e-09,M/s,TMB + H2O2,0,3,1.0,mM,0.025,mg/mL,4.0,25,SREP35344
CeO2,peroxidase,cubic,10,10,'NOT_DETECTED',naked,'NOT_DETECTED','NOT_DETECTED','NOT_DETECTED','NOT_DETECTED',TMB + H2O2,0,2000,0.5,mM,0.025,mg/mL,4.0,25,SREP35344
AuPt,peroxidase,cubic,23.6,'NOT_DETECTED','NOT_DETECTED','NOT_DETECTED','NOT_DETECTED','NOT_DETECTED','NOT_DETECTED','NOT_DETECTED',TMB + H2O2,'NOT_DETECTED','NOT_DETECTED',0.1,M,'NOT_DETECTED','NOT_DETECTED','NOT_DETECTED',30,SREP40103
AuPt,oxidase,cubic,23.6,'NOT_DETECTED','NOT_DETECTED','NOT_DETECTED','NOT_DETECTED','NOT_DETECTED','NOT_DETECTED','NOT_DETECTED',TMB,'NOT_DETECTED','NOT_DETECTED','NOT_DETECTED','NOT_DETECTED','NOT_DETECTED','NOT_DETECTED','NOT_DETECTED',30,SREP40103
Pt,peroxidase,cubic,40.0,'NOT_DETECTED','NOT_DETECTED','NOT_DETECTED','NOT_DETECTED','NOT_DETECTED','NOT_DETECTED','NOT_DETECTED',TMB + H2O2,'NOT_DETECTED','NOT_DETECTED',0.1,M,'NOT_DETECTED','NOT_DETECTED','NOT_DETECTED',30,SREP40103
Au,peroxidase,cubic,30.0,'NOT_DETECTED','NOT_DETECTED','NOT_DETECTED','NOT_DETECTED','NOT_DETECTED','NOT_DETECTED','NOT_DETECTED',TMB + H2O2,'NOT_DETECTED','NOT_DETECTED',0.1,M,'NOT_DETECTED','NOT_DETECTED','NOT_DETECTED',30,SREP40103
AuPt,oxidase,cubic,23.6,'NOT_DETECTED','NOT_DETECTED','NOT_DETECTED','NOT_DETECTED','NOT_DETECTED','NOT_DETECTED','NOT_DETECTED',AA,'NOT_DETECTED','NOT_DETECTED',0.1,mM,'NOT_DETECTED','NOT_DETECTED','NOT_DETECTED','NOT_DETECTED',SREP40103
Pt,oxidase,cubic,40.0,'NOT_DETECTED','NOT_DETECTED','NOT_DETECTED','NOT_DETECTED','NOT_DETECTED','NOT_DETECTED','NOT_DETECTED',AA,'NOT_DETECTED','NOT_DETECTED',0.1,mM,'NOT_DETECTED','NOT_DETECTED','NOT_DETECTED','NOT_DETECTED',SREP40103
Au,oxidase,cubic,30.0,'NOT_DETECTED','NOT_DETECTED','NOT_DETECTED','NOT_DETECTED','NOT_DETECTED','NOT_DETECTED','NOT_DETECTED',AA,'NOT_DETECTED','NOT_DETECTED',0.1,mM,'NOT_DETECTED','NOT_DETECTED','NOT_DETECTED','NOT_DETECTED',SREP40103
AuPt,peroxidase,cubic,23.6,'NOT_DETECTED','NOT_DETECTED','NOT_DETECTED','NOT_DETECTED','NOT_DETECTED','NOT_DETECTED','NOT_DETECTED',TMB + H2O2,0.00083,0.01,0.1,M,1.3,μg/mL,'NOT_DETECTED','NOT_DETECTED',SREP40103
Pt,peroxidase,cubic,40.0,'NOT_DETECTED','NOT_DETECTED','NOT_DETECTED','NOT_DETECTED','NOT_DETECTED','NOT_DETECTED','NOT_DETECTED',TMB + H2O2,0.0033,0.033,0.1,M,1.3,μg/mL,'NOT_DETECTED','NOT_DETECTED',SREP40103
LaNiO3,peroxidase,cubic,600,600,'NOT_DETECTED',naked,0.8,mM,'NOT_DETECTED','NOT_DETECTED',TMB + H2O2,0,1,10,mM,10,μg/mL,4.5,55,THNO_19257
LaNiO3,peroxidase,cubic,800,800,'NOT_DETECTED',naked,0.8,mM,'NOT_DETECTED','NOT_DETECTED',TMB + H2O2,0.01,0.6,10,mM,10,μg/mL,4.5,37,THNO_19257
LaNiO3,peroxidase,cubic,600,600,'NOT_DETECTED',naked,0.8,mM,'NOT_DETECTED','NOT_DETECTED',TMB + H2O2,0,1,10,mM,10,μg/mL,4.5,45,THNO_19257
NiO,peroxidase,cubic,'NOT_DETECTED','NOT_DETECTED','NOT_DETECTED',poly(N-Vinylpyrrolidone),'NOT_DETECTED','NOT_DETECTED','NOT_DETECTED','NOT_DETECTED',TMB + H2O2,'NOT_DETECTED','NOT_DETECTED','NOT_DETECTED','NOT_DETECTED','NOT_DETECTED','NOT_DETECTED','NOT_DETECTED','NOT_DETECTED',THNO_19257
Ni,peroxidase,'NOT_DETECTED','NOT_DETECTED','NOT_DETECTED','NOT_DETECTED',naked,'NOT_DETECTED','NOT_DETECTED','NOT_DETECTED','NOT_DETECTED',TMB + H2O2,'NOT_DETECTED','NOT_DETECTED','NOT_DETECTED','NOT_DETECTED','NOT_DETECTED','NOT_DETECTED','NOT_DETECTED','NOT_DETECTED',THNO_19257
LaNiO3-H2,peroxidase,cubic,'NOT_DETECTED','NOT_DETECTED','NOT_DETECTED',naked,'NOT_DETECTED','NOT_DETECTED','NOT_DETECTED','NOT_DETECTED',TMB + H2O2,'NOT_DETECTED','NOT_DETECTED','NOT_DETECTED','NOT_DETECTED','NOT_DETECTED','NOT_DETECTED','NOT_DETECTED','NOT_DETECTED',THNO_19257
LaNiO3-H2-Air,peroxidase,cubic,'NOT_DETECTED','NOT_DETECTED','NOT_DETECTED',naked,'NOT_DETECTED','NOT_DETECTED','NOT_DETECTED','NOT_DETECTED',TMB + H2O2,'NOT_DETECTED','NOT_DETECTED','NOT_DETECTED','NOT_DETECTED','NOT_DETECTED','NOT_DETECTED','NOT_DETECTED','NOT_DETECTED',THNO_19257
LaNiO3-SG,peroxidase,cubic,'NOT_DETECTED','NOT_DETECTED','NOT_DETECTED',naked,'NOT_DETECTED','NOT_DETECTED','NOT_DETECTED','NOT_DETECTED',TMB + H2O2,'NOT_DETECTED','NOT_DETECTED','NOT_DETECTED','NOT_DETECTED','NOT_DETECTED','NOT_DETECTED','NOT_DETECTED','NOT_DETECTED',THNO_19257
