smiles,name,perm (cm/s),logP,doi,PMID,title,publisher,year,access,page,origin
NS(=O)(=O)c1ccc(Cl)cc1,4-Chlorobenzensulfonamide,,"-4,26",,14609285,Prediction of corneal permeability using artificial neural networks,Govi-Verlag Pharmazeutischer Verlag GmbH,2003,0,5,table 3
CNS(=O)(=O)c1ccc(Cl)cc1,4-Chloro-methylbenzensulfonamide,,"-4,19",,14609285,Prediction of corneal permeability using artificial neural networks,Govi-Verlag Pharmazeutischer Verlag GmbH,2003,0,5,table 3
CCCC(=O)Nc1ccc(OCC(O)CNC(C)C)c(C(C)=O)c1,Acebutolol,,"-6,06",,14609285,Prediction of corneal permeability using artificial neural networks,Govi-Verlag Pharmazeutischer Verlag GmbH,2003,0,5,table 3
CC(=O)Nc1nnc(S(N)(=O)=O)s1,Acetazolamide,,"-6,24",,14609285,Prediction of corneal permeability using artificial neural networks,Govi-Verlag Pharmazeutischer Verlag GmbH,2003,0,5,table 3
C=CCc1ccccc1OCC(O)CNC(C)C,Alprenolol,,"-4,54",,14609285,Prediction of corneal permeability using artificial neural networks,Govi-Verlag Pharmazeutischer Verlag GmbH,2003,0,5,table 3
CC(C)NCC(O)COc1ccc(CC(N)=O)cc1,Atenolol,,"-6,17",,14609285,Prediction of corneal permeability using artificial neural networks,Govi-Verlag Pharmazeutischer Verlag GmbH,2003,0,5,table 3
CC(C)NCC(O)COc1ccc(CCOCC2CC2)cc1,Betaxolol,,"-4,57",,14609285,Prediction of corneal permeability using artificial neural networks,Govi-Verlag Pharmazeutischer Verlag GmbH,2003,0,5,table 3
COc1ccc(CCNCC(O)COc2cccc(C)c2)cc1OC,Bevantalol,,"-4,24",,14609285,Prediction of corneal permeability using artificial neural networks,Govi-Verlag Pharmazeutischer Verlag GmbH,2003,0,5,table 3
CCc1cccc2cc(C(O)CNC(C)(C)C)oc12,Bufuralol,,"-4,14",,14609285,Prediction of corneal permeability using artificial neural networks,Govi-Verlag Pharmazeutischer Verlag GmbH,2003,0,5,table 3
CCCCO,Butanol,,"-4,12",,14609285,Prediction of corneal permeability using artificial neural networks,Govi-Verlag Pharmazeutischer Verlag GmbH,2003,0,5,table 3
O=C(N[C@H](CO)[C@H](O)c1ccc([N+](=O)[O-])cc1)C(Cl)Cl,Chloramphenicol,,"-5,17",,14609285,Prediction of corneal permeability using artificial neural networks,Govi-Verlag Pharmazeutischer Verlag GmbH,2003,0,5,table 3
Clc1cccc(Cl)c1NC1=NCCN1,Clonidine,,"-4,36",,14609285,Prediction of corneal permeability using artificial neural networks,Govi-Verlag Pharmazeutischer Verlag GmbH,2003,0,5,table 3
C[C@]12CCC(=O)C=C1CC[C@@H]1[C@@H]2CC[C@@]2(C)[C@H]1CC[C@]2(O)C(=O)CO,Cortexolone,,"-4,52",,14609285,Prediction of corneal permeability using artificial neural networks,Govi-Verlag Pharmazeutischer Verlag GmbH,2003,0,5,table 3
O=C(O)c1cc(=O)c2c(OCC(O)COc3cccc4oc(C(=O)O)cc(=O)c34)cccc2o1,Cromolyn,,"-5,97",,14609285,Prediction of corneal permeability using artificial neural networks,Govi-Verlag Pharmazeutischer Verlag GmbH,2003,0,5,table 3
O=P1(N(CCCl)CCCl)NCCCO1,Cyclophosphamide,,"-4,95",,14609285,Prediction of corneal permeability using artificial neural networks,Govi-Verlag Pharmazeutischer Verlag GmbH,2003,0,5,table 3
C[C@]12CC[C@H]3[C@@H](CCC4=CC(=O)CC[C@@]43C)[C@@H]1CC[C@@H]2C(=O)CO,Desoxycorticosterone,,"-4,4",,14609285,Prediction of corneal permeability using artificial neural networks,Govi-Verlag Pharmazeutischer Verlag GmbH,2003,0,5,table 3
C[C@@H]1C[C@H]2[C@@H]3CCC4=CC(=O)C=C[C@]4(C)[C@@]3(F)[C@@H](O)C[C@]2(C)[C@@]1(O)C(=O)CO,Dexamethasone,,"-5,3",,14609285,Prediction of corneal permeability using artificial neural networks,Govi-Verlag Pharmazeutischer Verlag GmbH,2003,0,5,table 3
CC(=O)OCC(=O)[C@@]1(O)[C@H](C)C[C@H]2[C@@H]3CCC4=CC(=O)C=C[C@]4(C)[C@@]3(F)[C@@H](O)C[C@@]21C,Dexamethasone acetate,,"-4,43",,14609285,Prediction of corneal permeability using artificial neural networks,Govi-Verlag Pharmazeutischer Verlag GmbH,2003,0,5,table 3
CC(=O)[C@@]1(O)CC[C@H]2[C@@H]3C[C@H](C)C4=CC(=O)C=C[C@]4(C)[C@@]3(F)[C@@H](O)C[C@@]21C,Fluorometholone,,"-4,78",,14609285,Prediction of corneal permeability using artificial neural networks,Govi-Verlag Pharmazeutischer Verlag GmbH,2003,0,5,table 3
C[C@]12CCC(=O)C=C1CC[C@@H]1[C@@H]2[C@@H](O)C[C@@]2(C)[C@H]1CC[C@]2(O)C(=O)CO,Hydrocortisone,,"-5,07",,14609285,Prediction of corneal permeability using artificial neural networks,Govi-Verlag Pharmazeutischer Verlag GmbH,2003,0,5,table 3
CC(C)Cc1ccc(C(C)C(=O)O)cc1,Ibuprofen,,"-4,65",,14609285,Prediction of corneal permeability using artificial neural networks,Govi-Verlag Pharmazeutischer Verlag GmbH,2003,0,5,table 3
COc1ccc2c(c1)c(CC(=O)O)c(C)n2C(=O)c1ccc(Cl)cc1,Indomethacin,,"-4,16",,14609285,Prediction of corneal permeability using artificial neural networks,Govi-Verlag Pharmazeutischer Verlag GmbH,2003,0,5,table 3
CC(C)(C)NC[C@H](O)COc1cccc2c1CCCC2=O,Levobunolol,,"-4,78",,14609285,Prediction of corneal permeability using artificial neural networks,Govi-Verlag Pharmazeutischer Verlag GmbH,2003,0,5,table 3
CO,Methanol,,"-4,04",,14609285,Prediction of corneal permeability using artificial neural networks,Govi-Verlag Pharmazeutischer Verlag GmbH,2003,0,5,table 3
CC(=O)N=c1sc(S(N)(=O)=O)nn1C,Methazolamide,,"-5,43",,14609285,Prediction of corneal permeability using artificial neural networks,Govi-Verlag Pharmazeutischer Verlag GmbH,2003,0,5,table 3
COCCc1ccc(OCC(O)CNC(C)C)cc1,Metoprolol,,"-4,63",,14609285,Prediction of corneal permeability using artificial neural networks,Govi-Verlag Pharmazeutischer Verlag GmbH,2003,0,5,table 3
CC(C)(C)NCC(O)COc1cccc2c1C[C@H](O)[C@H](O)C2,Nadolol,,-6,,14609285,Prediction of corneal permeability using artificial neural networks,Govi-Verlag Pharmazeutischer Verlag GmbH,2003,0,5,table 3
C=CCOc1ccccc1OCC(O)CNC(C)C,Oxprenolol,,"-4,6",,14609285,Prediction of corneal permeability using artificial neural networks,Govi-Verlag Pharmazeutischer Verlag GmbH,2003,0,5,table 3
CC(C)(C)NC[C@H](O)COc1ccccc1C1CCCC1,Penbutolol,,"-4,35",,14609285,Prediction of corneal permeability using artificial neural networks,Govi-Verlag Pharmazeutischer Verlag GmbH,2003,0,5,table 3
CNC[C@H](O)c1cccc(O)c1,Phenylephrine,,"-6,03",,14609285,Prediction of corneal permeability using artificial neural networks,Govi-Verlag Pharmazeutischer Verlag GmbH,2003,0,5,table 3
CC[C@@H]1C(=O)OC[C@@H]1Cc1cncn1C,Pilocarpine,,"-4,77",,14609285,Prediction of corneal permeability using artificial neural networks,Govi-Verlag Pharmazeutischer Verlag GmbH,2003,0,5,table 3
CC(C)NCC(O)COc1cccc2[nH]ccc12,Pindolol,,-5,,14609285,Prediction of corneal permeability using artificial neural networks,Govi-Verlag Pharmazeutischer Verlag GmbH,2003,0,5,table 3
C[C@]12C=CC(=O)C=C1CC[C@@H]1[C@@H]2[C@@H](O)C[C@@]2(C)[C@H]1CC[C@]2(O)C(=O)CO,Prednisolone,,"-5,43",,14609285,Prediction of corneal permeability using artificial neural networks,Govi-Verlag Pharmazeutischer Verlag GmbH,2003,0,5,table 3
CC(=O)OCC(=O)[C@@]1(O)CC[C@H]2[C@@H]3CCC4=CC(=O)C=C[C@]4(C)[C@H]3[C@@H](O)C[C@@]21C,Prednisolone acetate,,"-4,48",,14609285,Prediction of corneal permeability using artificial neural networks,Govi-Verlag Pharmazeutischer Verlag GmbH,2003,0,5,table 3
CC(=O)[C@H]1CC[C@H]2[C@@H]3CCC4=CC(=O)CC[C@]4(C)[C@H]3CC[C@]12C,Progesterone,,"-4,71",,14609285,Prediction of corneal permeability using artificial neural networks,Govi-Verlag Pharmazeutischer Verlag GmbH,2003,0,5,table 3
CC(C)NCC(O)COc1cccc2ccccc12,Propranolol,,"-4,32",,14609285,Prediction of corneal permeability using artificial neural networks,Govi-Verlag Pharmazeutischer Verlag GmbH,2003,0,5,table 3
CC[C@H]1[C@@H]2C[C@H]3[C@@H]4N(C)c5ccccc5[C@]45C[C@@H]([C@H]2[C@H]5O)N3[C@@H]1O,Rauwolfine,,"-5,04",,14609285,Prediction of corneal permeability using artificial neural networks,Govi-Verlag Pharmazeutischer Verlag GmbH,2003,0,5,table 3
CC(C)NCC(O)c1ccc(NS(C)(=O)=O)cc1,Sotalol,,"-5,8",,14609285,Prediction of corneal permeability using artificial neural networks,Govi-Verlag Pharmazeutischer Verlag GmbH,2003,0,5,table 3
CC(=O)NS(=O)(=O)c1ccc(N)cc1,Sulfacetamide,,"-5,72",,14609285,Prediction of corneal permeability using artificial neural networks,Govi-Verlag Pharmazeutischer Verlag GmbH,2003,0,5,table 3
C[C@]12CC[C@H]3[C@@H](CCC4=CC(=O)CC[C@@]43C)[C@@H]1CC[C@@H]2O,Testosterone,,"-4,37",,14609285,Prediction of corneal permeability using artificial neural networks,Govi-Verlag Pharmazeutischer Verlag GmbH,2003,0,5,table 3
CC(C)(C)NC[C@H](O)COc1nsnc1N1CCOCC1,Timolol,,"-4,91",,14609285,Prediction of corneal permeability using artificial neural networks,Govi-Verlag Pharmazeutischer Verlag GmbH,2003,0,5,table 3
C[C@]12C=CC(=O)C=C1CC[C@H]1[C@@H]3C[C@@H](O)[C@](O)(C(=O)CO)[C@@]3(C)C[C@H](O)[C@@]12F,Triamcinolone,,"-4,8",,14609285,Prediction of corneal permeability using artificial neural networks,Govi-Verlag Pharmazeutischer Verlag GmbH,2003,0,5,table 3
Nc1ncnc2c1ncn2[C@@H]1O[C@H](CO)[C@@H](O)[C@@H]1O,Vidarabine,,"-5,77",,14609285,Prediction of corneal permeability using artificial neural networks,Govi-Verlag Pharmazeutischer Verlag GmbH,2003,0,5,table 3
O,Water,,"-3,82",,14609285,Prediction of corneal permeability using artificial neural networks,Govi-Verlag Pharmazeutischer Verlag GmbH,2003,0,5,table 3
COC(=O)[C@@H]1[C@H]2C[C@H]3c4[nH]c5ccccc5c4CCN3C[C@@H]2CC[C@@H]1O,Yohimbine,,"-4,75",,14609285,Prediction of corneal permeability using artificial neural networks,Govi-Verlag Pharmazeutischer Verlag GmbH,2003,0,5,table 3
CC(=O)C1(O)CCC2C3CC(C)C4=CC(=O)C=CC4(C)C3(F)C(O)CC21C,fluorometholone,"0,000017",,10.1021/js9802594,,"Permeability of cornea, sclera, and conjunctiva: a literature analysis for drug delivery to the eye",American Geophysical Union (AGU),1998,0,3,table 1
CC(C(=O)O)c1ccc(-c2ccccc2)c(F)c1,flurbiprofen,"0,000021",,10.1021/js9802594,,"Permeability of cornea, sclera, and conjunctiva: a literature analysis for drug delivery to the eye",American Geophysical Union (AGU),1998,0,3,table 1
CC(C(N)=O)c1ccc(-c2ccccc2)c(F)c1,Flurbiprofen amide,"0,000022",,10.1021/js9802594,,"Permeability of cornea, sclera, and conjunctiva: a literature analysis for drug delivery to the eye",American Geophysical Union (AGU),1998,0,3,table 1
OCC(O)CO,glycerol,"0,0000045",,10.1021/js9802594,,"Permeability of cornea, sclera, and conjunctiva: a literature analysis for drug delivery to the eye",American Geophysical Union (AGU),1998,0,3,table 1
CC12CCC(=O)C=C1CCC1C2C(O)CC2(C)C1CCC2(O)C(=O)CO,hydrocortisone,"0,0000085",,10.1021/js9802594,,"Permeability of cornea, sclera, and conjunctiva: a literature analysis for drug delivery to the eye",American Geophysical Union (AGU),1998,0,3,table 1
OCC1OC(OC2(COC3(COC4(COC5(COC6(COC7(COC8(COC9(COC%10(COC%11(COC%12(COC%13(COC%14(COC%15(COC%16(COC%17(COC%18(COC%19(COC%20(COC%21(COC%22(COC%23(COC%24(COC%25(COC%26(COC%27(COC%28(COC%29(COC%30(COC%31(COC%32(COC%33(COC%34(COC%35(COC%36(COC%37(COC%38(CO)OC(CO)C(O)C%38O)OC(CO)C(O)C%37O)OC(CO)C(O)C%36O)OC(CO)C(O)C%35O)OC(CO)C(O)C%34O)OC(CO)C(O)C%33O)OC(CO)C(O)C%32O)OC(CO)C(O)C%31O)OC(CO)C(O)C%30O)OC(CO)C(O)C%29O)OC(CO)C(O)C%28O)OC(CO)C(O)C%27O)OC(CO)C(O)C%26O)OC(CO)C(O)C%25O)OC(CO)C(O)C%24O)OC(CO)C(O)C%23O)OC(CO)C(O)C%22O)OC(CO)C(O)C%21O)OC(CO)C(O)C%20O)OC(CO)C(O)C%19O)OC(CO)C(O)C%18O)OC(CO)C(O)C%17O)OC(CO)C(O)C%16O)OC(CO)C(O)C%15O)OC(CO)C(O)C%14O)OC(CO)C(O)C%13O)OC(CO)C(O)C%12O)OC(CO)C(O)C%11O)OC(CO)C(O)C%10O)OC(CO)C(O)C9O)OC(CO)C(O)C8O)OC(CO)C(O)C7O)OC(CO)C(O)C6O)OC(CO)C(O)C5O)OC(CO)C(O)C4O)OC(CO)C(O)C3O)OC(CO)C(O)C2O)C(O)C(O)C1O,inulin,"0,00000055",,10.1021/js9802594,,"Permeability of cornea, sclera, and conjunctiva: a literature analysis for drug delivery to the eye",American Geophysical Union (AGU),1998,0,3,table 1
CC(CCc1ccccc1)NCC(O)c1ccc(O)c(C(N)=O)c1,labetalol,"0,000014",,10.1021/js9802594,,"Permeability of cornea, sclera, and conjunctiva: a literature analysis for drug delivery to the eye",American Geophysical Union (AGU),1998,0,3,table 1
CC(C)(C)NCC(O)COc1cccc2c1CCCC2=O,levobunolol,"0,000029",,10.1021/js9802594,,"Permeability of cornea, sclera, and conjunctiva: a literature analysis for drug delivery to the eye",American Geophysical Union (AGU),1998,0,3,table 1
OCC(O)C(O)C(O)C(O)CO,mannitol,"0,0000024",,10.1021/js9802594,,"Permeability of cornea, sclera, and conjunctiva: a literature analysis for drug delivery to the eye",American Geophysical Union (AGU),1998,0,3,table 1
Cn1nc(S(N)(=O)=O)sc1=N,methazolamide der,"0,00000078",,10.1021/js9802594,,"Permeability of cornea, sclera, and conjunctiva: a literature analysis for drug delivery to the eye",American Geophysical Union (AGU),1998,0,3,table 1
c1ccc(NCNc2ccccc2)cc1,Methylene dianiline,"0,000025",,10.1021/js9802594,,"Permeability of cornea, sclera, and conjunctiva: a literature analysis for drug delivery to the eye",American Geophysical Union (AGU),1998,0,3,table 1
CC(C)CNC1CCS(=O)(=O)c2sc(S(N)(=O)=O)cc21.Cl,MK-927,"0,0000046",,10.1021/js9802594,,"Permeability of cornea, sclera, and conjunctiva: a literature analysis for drug delivery to the eye",American Geophysical Union (AGU),1998,0,3,table 1
CC(C)(C)NCC(O)COc1cccc2c1CC(O)C(O)C2,nadolol,"0,0000014",,10.1021/js9802594,,"Permeability of cornea, sclera, and conjunctiva: a literature analysis for drug delivery to the eye",American Geophysical Union (AGU),1998,0,3,table 1
CC(=O)OC1Cc2cccc(OCC(O)CNC(C)(C)C)c2CC1OC(C)=O,nadolol diacetate,"0,0000048",,10.1021/js9802594,,"Permeability of cornea, sclera, and conjunctiva: a literature analysis for drug delivery to the eye",American Geophysical Union (AGU),1998,0,3,table 1
CC(C)(C)NCC(O)COc1ccccc1C1CCCC1,penbutolol,"0,000022",,10.1021/js9802594,,"Permeability of cornea, sclera, and conjunctiva: a literature analysis for drug delivery to the eye",American Geophysical Union (AGU),1998,0,3,table 1
CNCC(O)c1cccc(O)c1,phenylephrine,"0,00000094",,10.1021/js9802594,,"Permeability of cornea, sclera, and conjunctiva: a literature analysis for drug delivery to the eye",American Geophysical Union (AGU),1998,0,3,table 1
CCC1C(=O)OCC1Cc1cncn1C,pilocarpine,"0,000017",,10.1021/js9802594,,"Permeability of cornea, sclera, and conjunctiva: a literature analysis for drug delivery to the eye",American Geophysical Union (AGU),1998,0,3,table 1
CC12C=CC(=O)C=C1CCC1C2C(O)CC2(C)C1CCC2(O)C(=O)CO,prednisolone,"0,0000037",,10.1021/js9802594,,"Permeability of cornea, sclera, and conjunctiva: a literature analysis for drug delivery to the eye",American Geophysical Union (AGU),1998,0,3,table 1
CC(=O)OCC(=O)C1(O)CCC2C3CCC4=CC(=O)C=CC4(C)C3C(O)CC21C,Prednisolone acetate,"0,000033",,10.1021/js9802594,,"Permeability of cornea, sclera, and conjunctiva: a literature analysis for drug delivery to the eye",American Geophysical Union (AGU),1998,0,3,table 1
CCN(CC)CCOC(=O)c1ccc(N)cc1,procaine,"0,0000042",,10.1021/js9802594,,"Permeability of cornea, sclera, and conjunctiva: a literature analysis for drug delivery to the eye",American Geophysical Union (AGU),1998,0,3,table 1
CC(=O)C1CCC2C3CCC4=CC(=O)CCC4(C)C3CCC12C,progesterone,"0,00002",,10.1021/js9802594,,"Permeability of cornea, sclera, and conjunctiva: a literature analysis for drug delivery to the eye",American Geophysical Union (AGU),1998,0,3,table 1
CCC1C2CC3C4N(C)c5ccccc5C45CC(C2C5O)N3C1O,rauwolfine,"0,0000092",,10.1021/js9802594,,"Permeability of cornea, sclera, and conjunctiva: a literature analysis for drug delivery to the eye",American Geophysical Union (AGU),1998,0,3,table 1
COc1ccc(OC)c2c1CCNC2,SKF 72223,"0,000049",,10.1021/js9802594,,"Permeability of cornea, sclera, and conjunctiva: a literature analysis for drug delivery to the eye",American Geophysical Union (AGU),1998,0,3,table 1
CN1CCc2cccc(Cl)c2CC1,SKF 86466,"0,000071",,10.1021/js9802594,,"Permeability of cornea, sclera, and conjunctiva: a literature analysis for drug delivery to the eye",American Geophysical Union (AGU),1998,0,3,table 1
c1cc2snnc2c2c1CCNC2,SKF 86607,"0,000079",,10.1021/js9802594,,"Permeability of cornea, sclera, and conjunctiva: a literature analysis for drug delivery to the eye",American Geophysical Union (AGU),1998,0,3,table 1
OCC1OC(OC2(CO)OC(CO)C(O)C2O)C(O)C(O)C1O,sucrose,"0,0000043",,10.1021/js9802594,,"Permeability of cornea, sclera, and conjunctiva: a literature analysis for drug delivery to the eye",American Geophysical Union (AGU),1998,0,3,table 1
Nc1ccc(S(N)(=O)=O)cc1,sulfanilamide,"0,0000005",,10.1021/js9802594,,"Permeability of cornea, sclera, and conjunctiva: a literature analysis for drug delivery to the eye",American Geophysical Union (AGU),1998,0,3,table 1
NS(=O)(=O)c1nc2ccccc2[nH]1,sulfonamide der. 2m,"0,000003",,10.1021/js9802594,,"Permeability of cornea, sclera, and conjunctiva: a literature analysis for drug delivery to the eye",American Geophysical Union (AGU),1998,0,3,table 1
CC12CCC(=O)C=C1CCC1C2CCC2(C)C(O)CCC12,testosterone,"0,000042",,10.1021/js9802594,,"Permeability of cornea, sclera, and conjunctiva: a literature analysis for drug delivery to the eye",American Geophysical Union (AGU),1998,0,3,table 1
CCCCNc1ccc(C(=O)OCCN(C)C)cc1,tetracaine,"0,0000015",,10.1021/js9802594,,"Permeability of cornea, sclera, and conjunctiva: a literature analysis for drug delivery to the eye",American Geophysical Union (AGU),1998,0,3,table 1
NS(=O)(=O)c1nn2c(=Nc3ccccc3)snc2s1,Thiadiazole der.1n,"0,0000079",,10.1021/js9802594,,"Permeability of cornea, sclera, and conjunctiva: a literature analysis for drug delivery to the eye",American Geophysical Union (AGU),1998,0,3,table 1
NS(=O)(=O)c1nn2c(=Nc3cccc(Cl)c3)snc2s1,Thiadiazole der.2n,"0,000013",,10.1021/js9802594,,"Permeability of cornea, sclera, and conjunctiva: a literature analysis for drug delivery to the eye",American Geophysical Union (AGU),1998,0,3,table 1
NS(=O)(=O)c1nn2c(=Nc3ccc(Cl)cc3)snc2s1,Thiadiazole der.3n,"0,0000083",,10.1021/js9802594,,"Permeability of cornea, sclera, and conjunctiva: a literature analysis for drug delivery to the eye",American Geophysical Union (AGU),1998,0,3,table 1
COc1cccc(N=c2snc3sc(S(N)(=O)=O)nn23)c1,Thiadiazole der.4n,"0,0000045",,10.1021/js9802594,,"Permeability of cornea, sclera, and conjunctiva: a literature analysis for drug delivery to the eye",American Geophysical Union (AGU),1998,0,3,table 1
COc1ccc(N=c2snc3sc(S(N)(=O)=O)nn23)cc1,Thiadiazole der.5n,"0,0000052",,10.1021/js9802594,,"Permeability of cornea, sclera, and conjunctiva: a literature analysis for drug delivery to the eye",American Geophysical Union (AGU),1998,0,3,table 1
NS(=O)(=O)c1nn2c(=Nc3ccc(O)cc3)snc2s1,Thiadiazole der.6n,"0,00000035",,10.1021/js9802594,,"Permeability of cornea, sclera, and conjunctiva: a literature analysis for drug delivery to the eye",American Geophysical Union (AGU),1998,0,3,table 1
NS(=O)(=O)c1nnc(NC(=O)c2ccccc2)s1,Acetazolamide der.1g,"0,0000006",,10.1021/js9802594,,"Permeability of cornea, sclera, and conjunctiva: a literature analysis for drug delivery to the eye",American Geophysical Union (AGU),1998,0,2,table 1
C=C(C)CCC(=O)Nc1nnc(S(N)(=O)=O)s1,Acetazolamide der.2g,"0,00000056",,10.1021/js9802594,,"Permeability of cornea, sclera, and conjunctiva: a literature analysis for drug delivery to the eye",American Geophysical Union (AGU),1998,0,2,table 1
CC(=O)N(C)c1nnc(S(N)(=O)=O)s1,Acetazolamide der.3g,"0,0000023",,10.1021/js9802594,,"Permeability of cornea, sclera, and conjunctiva: a literature analysis for drug delivery to the eye",American Geophysical Union (AGU),1998,0,2,table 1
Nc1ccccc1,aniline,"0,000036",,10.1021/js9802594,,"Permeability of cornea, sclera, and conjunctiva: a literature analysis for drug delivery to the eye",American Geophysical Union (AGU),1998,0,2,table 1
CC(=O)Nc1ccc(N)cc1,Aniline der.1h,"0,0000036",,10.1021/js9802594,,"Permeability of cornea, sclera, and conjunctiva: a literature analysis for drug delivery to the eye",American Geophysical Union (AGU),1998,0,2,table 1
CC(=O)c1ccc(N)cc1,Aniline der.2h,"0,000032",,10.1021/js9802594,,"Permeability of cornea, sclera, and conjunctiva: a literature analysis for drug delivery to the eye",American Geophysical Union (AGU),1998,0,2,table 1
NC(=O)c1ccc(N)cc1,Aniline der.3h,"0,0000017",,10.1021/js9802594,,"Permeability of cornea, sclera, and conjunctiva: a literature analysis for drug delivery to the eye",American Geophysical Union (AGU),1998,0,2,table 1
Nc1ccc(CO)cc1,Aniline der.4h,"0,000017",,10.1021/js9802594,,"Permeability of cornea, sclera, and conjunctiva: a literature analysis for drug delivery to the eye",American Geophysical Union (AGU),1998,0,2,table 1
Nc1ccc(CCO)cc1,Aniline der.5h,"0,00002",,10.1021/js9802594,,"Permeability of cornea, sclera, and conjunctiva: a literature analysis for drug delivery to the eye",American Geophysical Union (AGU),1998,0,2,table 1
Nc1ccc(Cl)cc1,Aniline der.6h,"0,000035",,10.1021/js9802594,,"Permeability of cornea, sclera, and conjunctiva: a literature analysis for drug delivery to the eye",American Geophysical Union (AGU),1998,0,2,table 1
CCOc1ccc(N)cc1,Aniline der.7h,"0,000031",,10.1021/js9802594,,"Permeability of cornea, sclera, and conjunctiva: a literature analysis for drug delivery to the eye",American Geophysical Union (AGU),1998,0,2,table 1
CCc1ccc(N)cc1,Aniline der.8h,"0,000027",,10.1021/js9802594,,"Permeability of cornea, sclera, and conjunctiva: a literature analysis for drug delivery to the eye",American Geophysical Union (AGU),1998,0,2,table 1
CC(C)c1ccc(N)cc1,Aniline der.9h,"0,000024",,10.1021/js9802594,,"Permeability of cornea, sclera, and conjunctiva: a literature analysis for drug delivery to the eye",American Geophysical Union (AGU),1998,0,2,table 1
COc1ccc(N)cc1,Aniline der.10h,"0,000035",,10.1021/js9802594,,"Permeability of cornea, sclera, and conjunctiva: a literature analysis for drug delivery to the eye",American Geophysical Union (AGU),1998,0,2,table 1
Cc1ccc(N)cc1,Aniline der.11h,"0,00003",,10.1021/js9802594,,"Permeability of cornea, sclera, and conjunctiva: a literature analysis for drug delivery to the eye",American Geophysical Union (AGU),1998,0,2,table 1
NS(=O)(=O)c1nnc(NS(=O)(=O)c2ccccc2)s1,benzolamide,"0,00000033",,10.1021/js9802594,,"Permeability of cornea, sclera, and conjunctiva: a literature analysis for drug delivery to the eye",American Geophysical Union (AGU),1998,0,2,table 1
CC(=O)N(Br)c1nnc(S(N)(=O)=O)s1,bromacetazolamide,"0,00000042",,10.1021/js9802594,,"Permeability of cornea, sclera, and conjunctiva: a literature analysis for drug delivery to the eye",American Geophysical Union (AGU),1998,0,2,table 1
O=C(NC(CO)C(O)c1ccc([N+](=O)[O-])cc1)C(Cl)Cl,chloramphenicol,"0,0000068",,10.1021/js9802594,,"Permeability of cornea, sclera, and conjunctiva: a literature analysis for drug delivery to the eye",American Geophysical Union (AGU),1998,0,2,table 1
NS(=O)(=O)c1nnc(-c2ccccc2Cl)s1,chlorzolamide,"0,000018",,10.1021/js9802594,,"Permeability of cornea, sclera, and conjunctiva: a literature analysis for drug delivery to the eye",American Geophysical Union (AGU),1998,0,2,table 1
CN=C(NC#N)NCCSCc1nc[nH]c1C,cimetidine,"0,0000007",,10.1021/js9802594,,"Permeability of cornea, sclera, and conjunctiva: a literature analysis for drug delivery to the eye",American Geophysical Union (AGU),1998,0,2,table 1
COC(=O)C1C(OC(=O)c2ccccc2)CC2CCC1N2C,cocaine,"0,0000061",,10.1021/js9802594,,"Permeability of cornea, sclera, and conjunctiva: a literature analysis for drug delivery to the eye",American Geophysical Union (AGU),1998,0,2,table 1
CC12CCC(=O)C=C1CCC1C2CCC2(C)C1CCC2(O)C(=O)CO,cortexolone,"0,00003",,10.1021/js9802594,,"Permeability of cornea, sclera, and conjunctiva: a literature analysis for drug delivery to the eye",American Geophysical Union (AGU),1998,0,2,table 1
COC(=O)C1C(O)CCC2CN3CCc4c([nH]c5ccccc45)C3CC21,corynanthine,"0,000011",,10.1021/js9802594,,"Permeability of cornea, sclera, and conjunctiva: a literature analysis for drug delivery to the eye",American Geophysical Union (AGU),1998,0,2,table 1
CC=CCC(C)C(O)C1C(=O)NC(CC)C(=O)N(C)CC(=O)N(C)C(CC(C)C)C(=O)NC(C(C)C)C(=O)N(C)C(CC(C)C)C(=O)NC(C)C(=O)NC(C)C(=O)N(C)C(CC(C)C)C(=O)N(C)C(CC(C)C)C(=O)N(C)C(C(C)C)C(=O)N1C,cyclosporin,"0,000011",,10.1021/js9802594,,"Permeability of cornea, sclera, and conjunctiva: a literature analysis for drug delivery to the eye",American Geophysical Union (AGU),1998,0,2,table 1
CC12CCC(=O)C=C1CCC1C2CCC2(C)C(C(=O)CO)CCC12,deoxycorticosterone,"0,00004",,10.1021/js9802594,,"Permeability of cornea, sclera, and conjunctiva: a literature analysis for drug delivery to the eye",American Geophysical Union (AGU),1998,0,2,table 1
O=CCC(O)C(O)C(O)CO,2-deoxyglucose,"0,0000074",,10.1021/js9802594,,"Permeability of cornea, sclera, and conjunctiva: a literature analysis for drug delivery to the eye",American Geophysical Union (AGU),1998,0,2,table 1
OC[C@H]1O[C@H](OC2CC2)C[C@@H](O)[C@@H]1O,2-deoxyglucose der.1i,"0,0000022",,10.1021/js9802594,,"Permeability of cornea, sclera, and conjunctiva: a literature analysis for drug delivery to the eye",American Geophysical Union (AGU),1998,0,2,table 1
CCOC1CC(O)C(O)C(CO)O1,2-deoxyglucose der.2i,"0,0000029",,10.1021/js9802594,,"Permeability of cornea, sclera, and conjunctiva: a literature analysis for drug delivery to the eye",American Geophysical Union (AGU),1998,0,2,table 1
CC(C)OC1CC(O)C(O)C(CO)O1,2-deoxyglucose der.3i,"0,0000018",,10.1021/js9802594,,"Permeability of cornea, sclera, and conjunctiva: a literature analysis for drug delivery to the eye",American Geophysical Union (AGU),1998,0,2,table 1
COC1CC(O)C(O)C(CO)O1,2-deoxyglucose der.4i,"0,0000046",,10.1021/js9802594,,"Permeability of cornea, sclera, and conjunctiva: a literature analysis for drug delivery to the eye",American Geophysical Union (AGU),1998,0,2,table 1
CC1CC2C3CCC4=CC(=O)C=CC4(C)C3(F)C(O)CC2(C)C1(O)C(=O)CO,dexamethasone,"0,000005",,10.1021/js9802594,,"Permeability of cornea, sclera, and conjunctiva: a literature analysis for drug delivery to the eye",American Geophysical Union (AGU),1998,0,2,table 1
CC(=O)OCC(=O)C1(O)C(C)CC2C3CCC4=CC(=O)C=CC4(C)C3(F)C(O)CC21C,Dexamethasone acetate,"0,000037",,10.1021/js9802594,,"Permeability of cornea, sclera, and conjunctiva: a literature analysis for drug delivery to the eye",American Geophysical Union (AGU),1998,0,2,table 1
COc1ccc(OC)c(N)c1,"2,5-dimethoxyaniline","0,000033",,10.1021/js9802594,,"Permeability of cornea, sclera, and conjunctiva: a literature analysis for drug delivery to the eye",American Geophysical Union (AGU),1998,0,2,table 1
O=C(O)CN(CCN(CC(=O)O)CC(=O)O)CC(=O)O,Edetic acid (EDTA),"0,0000021",,10.1021/js9802594,,"Permeability of cornea, sclera, and conjunctiva: a literature analysis for drug delivery to the eye",American Geophysical Union (AGU),1998,0,2,table 1
NCCO,ethanolamine,"0,0000005",,10.1021/js9802594,,"Permeability of cornea, sclera, and conjunctiva: a literature analysis for drug delivery to the eye",American Geophysical Union (AGU),1998,0,2,table 1
CCOc1ccc2nc(S(N)(=O)=O)sc2c1,ethoxzolamide,"0,000044",,10.1021/js9802594,,"Permeability of cornea, sclera, and conjunctiva: a literature analysis for drug delivery to the eye",American Geophysical Union (AGU),1998,0,2,table 1
NS(=O)(=O)c1nc2ccccc2s1,Ethoxzolamide der.1j,"0,000036",,10.1021/js9802594,,"Permeability of cornea, sclera, and conjunctiva: a literature analysis for drug delivery to the eye",American Geophysical Union (AGU),1998,0,2,table 1
NS(=O)(=O)c1nc2ccc(O)cc2s1,Ethoxzolamide der.2j,"0,0000056",,10.1021/js9802594,,"Permeability of cornea, sclera, and conjunctiva: a literature analysis for drug delivery to the eye",American Geophysical Union (AGU),1998,0,2,table 1
NS(=O)(=O)c1nc2ccc(Cl)cc2s1,Ethoxzolamide der.3j,"0,000043",,10.1021/js9802594,,"Permeability of cornea, sclera, and conjunctiva: a literature analysis for drug delivery to the eye",American Geophysical Union (AGU),1998,0,2,table 1
NS(=O)(=O)c1nc2c(Cl)cc(Cl)cc2s1,Ethoxzolamide der.4j,"0,000039",,10.1021/js9802594,,"Permeability of cornea, sclera, and conjunctiva: a literature analysis for drug delivery to the eye",American Geophysical Union (AGU),1998,0,2,table 1
Nc1ccc2nc(S(N)(=O)=O)sc2c1,Ethoxzolamide der.5j,"0,0000067",,10.1021/js9802594,,"Permeability of cornea, sclera, and conjunctiva: a literature analysis for drug delivery to the eye",American Geophysical Union (AGU),1998,0,2,table 1
NS(=O)(=O)c1nc2ccc([N+](=O)[O-])cc2s1,Ethoxzolamide der.6j,"0,0000066",,10.1021/js9802594,,"Permeability of cornea, sclera, and conjunctiva: a literature analysis for drug delivery to the eye",American Geophysical Union (AGU),1998,0,2,table 1
NS(=O)(=O)c1nc2ccc(OCCO)cc2s1,Ethoxzolamide der.7j,"0,0000015",,10.1021/js9802594,,"Permeability of cornea, sclera, and conjunctiva: a literature analysis for drug delivery to the eye",American Geophysical Union (AGU),1998,0,2,table 1
NS(=O)(=O)c1nc2ccc(OCc3ccccc3)cc2s1,Ethoxzolamide der.8j,"0,000047",,10.1021/js9802594,,"Permeability of cornea, sclera, and conjunctiva: a literature analysis for drug delivery to the eye",American Geophysical Union (AGU),1998,0,2,table 1
CC(=O)Nc1ccc2nc(S(N)(=O)=O)sc2c1,Ethoxzolamide der.9j,"0,0000047",,10.1021/js9802594,,"Permeability of cornea, sclera, and conjunctiva: a literature analysis for drug delivery to the eye",American Geophysical Union (AGU),1998,0,2,table 1
NS(=O)(=O)c1nn2c(=Nc3cccc(F)c3)snc2s1,Thiadiazole der.7n,"0,0000064",,10.1021/js9802594,,"Permeability of cornea, sclera, and conjunctiva: a literature analysis for drug delivery to the eye",American Geophysical Union (AGU),1998,0,4,table 1
NS(=O)(=O)c1nn2c(=Nc3ccc(F)cc3)snc2s1,Thiadiazole der.8n,"0,0000041",,10.1021/js9802594,,"Permeability of cornea, sclera, and conjunctiva: a literature analysis for drug delivery to the eye",American Geophysical Union (AGU),1998,0,4,table 1
CN(C)c1ccc(N=c2snc3sc(S(N)(=O)=O)nn23)cc1,Thiadiazole der.9n,"0,0000058",,10.1021/js9802594,,"Permeability of cornea, sclera, and conjunctiva: a literature analysis for drug delivery to the eye",American Geophysical Union (AGU),1998,0,4,table 1
CC(C)(C)NCC(O)COc1nsnc1N1CCOCC1,timolol,"0,000012",,10.1021/js9802594,,"Permeability of cornea, sclera, and conjunctiva: a literature analysis for drug delivery to the eye",American Geophysical Union (AGU),1998,0,4,table 1
NCC1OC(OC2C(N)CC(N)C(OC3OC(CO)C(O)C(N)C3O)C2O)C(N)CC1O,tobramycin,"0,00000052",,10.1021/js9802594,,"Permeability of cornea, sclera, and conjunctiva: a literature analysis for drug delivery to the eye",American Geophysical Union (AGU),1998,0,4,table 1
CC1(C)OC2CC3C4CCC5=CC(=O)C=CC5(C)C4(F)C(O)CC3(C)C2(C(=O)CO)O1,triamcinolone acetonide,"0,000012",,10.1021/js9802594,,"Permeability of cornea, sclera, and conjunctiva: a literature analysis for drug delivery to the eye",American Geophysical Union (AGU),1998,0,4,table 1
Cn1nc(S(N)(=O)=O)sc1=NC(=O)C(Cl)(Cl)Cl,trichlormethazolamide,"0,0000065",,10.1021/js9802594,,"Permeability of cornea, sclera, and conjunctiva: a literature analysis for drug delivery to the eye",American Geophysical Union (AGU),1998,0,4,table 1
Cn1nc(S(N)(=O)=O)sc1=NC(=O)C(F)(F)F,trifluormethazolamide,"0,0000039",,10.1021/js9802594,,"Permeability of cornea, sclera, and conjunctiva: a literature analysis for drug delivery to the eye",American Geophysical Union (AGU),1998,0,4,table 1
NS(=O)(=O)c1nc2ccccc2s1,2-benzothiazole-sulfonamide,"0,000036",,10.1007/s11095-010-0132-8,,Prediction of the Corneal Permeability of Drug-Like Compounds,Springer Science and Business Media LLC,2010,0,3,table 1
CCn1nc(C(=O)O)c(=O)c2cc3c(cc21)OCO3,cinoxacin,"0,0000015",,10.1007/s11095-010-0132-8,,Prediction of the Corneal Permeability of Drug-Like Compounds,Springer Science and Business Media LLC,2010,0,4,table 1
CCn1cc(C(=O)O)c(=O)c2ccc(C)nc21,Nalidixic acid,"0,000017",,10.1007/s11095-010-0132-8,,Prediction of the Corneal Permeability of Drug-Like Compounds,Springer Science and Business Media LLC,2010,0,4,table 1
CCn1cc(C(=O)O)c(=O)c2cc(F)c(N3CCNCC3)nc21,enoxacin,"0,0000017",,10.1007/s11095-010-0132-8,,Prediction of the Corneal Permeability of Drug-Like Compounds,Springer Science and Business Media LLC,2010,0,4,table 1
CCn1cc(C(=O)O)c(=O)c2cc(F)c(N3CCNCC3)cc21,norfloxacin,"0,0000014",,10.1007/s11095-010-0132-8,,Prediction of the Corneal Permeability of Drug-Like Compounds,Springer Science and Business Media LLC,2010,0,4,table 1
CC1COc2c(N3CCN(C)CC3)c(F)cc3c(=O)c(C(=O)O)cn1c23,ofloxacin,"0,0000019",,10.1007/s11095-010-0132-8,,Prediction of the Corneal Permeability of Drug-Like Compounds,Springer Science and Business Media LLC,2010,0,4,table 1
O=C(O)c1cn(C2CC2)c2cc(N3CCNCC3)c(F)cc2c1=O,ciprofloxacin,"0,0000013",,10.1007/s11095-010-0132-8,,Prediction of the Corneal Permeability of Drug-Like Compounds,Springer Science and Business Media LLC,2010,0,4,table 1
CC1(C)SC2C(NC(=O)C(N)c3ccccc3)C(=O)N2C1C(=O)O,Ampicillin,"0,00000019",,10.1016/j.ejps.2018.03.034,,Corneal and conjunctival drug permeability: Systematic comparison and pharmacokinetic impact in the eye,Elsevier BV,2018,0,3,table 1
CN1C2CCC1CC(OC(=O)C(CO)c1ccccc1)C2,Atropine,"0,00000056",,10.1016/j.ejps.2018.03.034,,Corneal and conjunctival drug permeability: Systematic comparison and pharmacokinetic impact in the eye,Elsevier BV,2018,0,3,table 1
CC1C(NC(=O)C(=NOC(C)(C)C(=O)O)c2csc(N)n2)C(=O)N1S(=O)(=O)O,Aztreonam,"0,000000102",,10.1016/j.ejps.2018.03.034,,Corneal and conjunctival drug permeability: Systematic comparison and pharmacokinetic impact in the eye,Elsevier BV,2018,0,3,table 1
CCNC1CN(CCCOC)S(=O)(=O)c2sc(S(N)(=O)=O)cc21,Brinzolamide,"0,000000136",,10.1016/j.ejps.2018.03.034,,Corneal and conjunctival drug permeability: Systematic comparison and pharmacokinetic impact in the eye,Elsevier BV,2018,0,3,table 1
Nc1c(CC(=O)O)cccc1C(=O)c1ccc(Br)cc1,Bromfenac,"0,000000399",,10.1016/j.ejps.2018.03.034,,Corneal and conjunctival drug permeability: Systematic comparison and pharmacokinetic impact in the eye,Elsevier BV,2018,0,3,table 1
CC(C)(C)NCC(O)COc1cccc2c1CCC(=O)N2,Carteolol,"0,000000143",,10.1016/j.ejps.2018.03.034,,Corneal and conjunctival drug permeability: Systematic comparison and pharmacokinetic impact in the eye,Elsevier BV,2018,0,3,table 1
O=C(O)Cc1ccccc1Nc1c(Cl)cccc1Cl,Diclofenac,"0,00000062",,10.1016/j.ejps.2018.03.034,,Corneal and conjunctival drug permeability: Systematic comparison and pharmacokinetic impact in the eye,Elsevier BV,2018,0,3,table 1
OC(Cn1cncn1)(Cn1cncn1)c1ccc(F)cc1F,Fluconazole,"0,000001",,10.1016/j.ejps.2018.03.034,,Corneal and conjunctival drug permeability: Systematic comparison and pharmacokinetic impact in the eye,Elsevier BV,2018,0,3,table 1
O=C(c1ccccc1)c1ccc2n1CCC2C(=O)O,Ketorolac,"0,000000349",,10.1016/j.ejps.2018.03.034,,Corneal and conjunctival drug permeability: Systematic comparison and pharmacokinetic impact in the eye,Elsevier BV,2018,0,3,table 1
CC1CN(C2CCC(C#N)(c3ccc(F)cc3)CC2)CCC1(C(=O)O)c1ccccc1,Levocabastine,"0,000000408",,10.1016/j.ejps.2018.03.034,,Corneal and conjunctival drug permeability: Systematic comparison and pharmacokinetic impact in the eye,Elsevier BV,2018,0,3,table 1
CCCC1CC(C(=O)NC(C(C)O)C2OC(SC)C(O)C(O)C2O)N(C)C1,Lincomycin,"0,00000009",,10.1016/j.ejps.2018.03.034,,Corneal and conjunctival drug permeability: Systematic comparison and pharmacokinetic impact in the eye,Elsevier BV,2018,0,3,table 1
C=CC1CN2CCC1CC2C(O)c1ccnc2ccc(OC)cc12,Quinidine,"0,000000868",,10.1016/j.ejps.2018.03.034,,Corneal and conjunctival drug permeability: Systematic comparison and pharmacokinetic impact in the eye,Elsevier BV,2018,0,3,table 1
Clc1ccc2nsnc2c1NC1=NCCN1,Tizanidine,"0,000004704",,10.1016/j.ejps.2018.03.034,,Corneal and conjunctival drug permeability: Systematic comparison and pharmacokinetic impact in the eye,Elsevier BV,2018,0,3,table 1
CC(c1ncncc1F)C(O)(Cn1cncn1)c1ccc(F)cc1F,Voriconazole,"0,000003168",,10.1016/j.ejps.2018.03.034,,Corneal and conjunctival drug permeability: Systematic comparison and pharmacokinetic impact in the eye,Elsevier BV,2018,0,3,table 1
COc1c(N2C[C@@H]3CCCN[C@@H]3C2)c(F)cc2c(=O)c(C(=O)O)cn(C3CC3)c12,Moxifloxacin,"0,0000091","-5,04",10.1016/j.talanta.2011.08.060,,Quantitative and qualitative prediction of corneal permeability for drug-like compounds,Elsevier BV,2011,0,3,table 1
C[C@H]1COc2c(N3CCN(C)CC3)c(F)cc3c(=O)c(C(=O)O)cn1c23,Levofloxacin,"0,0000029","-5,54",10.1016/j.talanta.2011.08.060,,Quantitative and qualitative prediction of corneal permeability for drug-like compounds,Elsevier BV,2011,0,3,table 1
COc1c(N2CCNC(C)C2)c(F)cc2c(=O)c(C(=O)O)cn(C3CC3)c12,Gatifloxacin,"0,0000025","-5,6",10.1016/j.talanta.2011.08.060,,Quantitative and qualitative prediction of corneal permeability for drug-like compounds,Elsevier BV,2011,0,3,table 1
CCn1cc(C(=O)O)c(=O)c2cc(F)c(N3CCNC(C)C3)c(F)c21,Lomefloxacin,"0,0000035","-5,46",10.1016/j.talanta.2011.08.060,,Quantitative and qualitative prediction of corneal permeability for drug-like compounds,Elsevier BV,2011,0,3,table 1
O=C1CC2(CCCC2)CC(=O)N1CCCCN1CCN(c2ncccn2)CC1,Buspirone,"0,0000665","-4,18",10.1016/j.talanta.2011.08.060,,Quantitative and qualitative prediction of corneal permeability for drug-like compounds,Elsevier BV,2011,0,3,table 1
Nc1cc(Cl)c(NC2=NCCN2)c(Cl)c1,Apraclonidine,"0,0000038","-5,42",10.1016/j.talanta.2011.08.060,,Quantitative and qualitative prediction of corneal permeability for drug-like compounds,Elsevier BV,2011,0,3,table 1
O=C1OC2(c3ccc(O)cc3Oc3cc(O)ccc32)c2ccccc21,Fluorescein,"0,000016","-4,8",10.1016/j.talanta.2011.08.060,,Quantitative and qualitative prediction of corneal permeability for drug-like compounds,Elsevier BV,2011,0,3,table 1
NC(=O)Cc1cccc(C(=O)c2ccccc2)c1N,Nepafenac,"0,000074","-4,13",10.1016/j.talanta.2011.08.060,,Quantitative and qualitative prediction of corneal permeability for drug-like compounds,Elsevier BV,2011,0,3,table 1